memory_initialization_radix=2;
memory_initialization_vector=
00000000000000000000000000000000000000000000000000000000000000,
00000000000000000000000000000000000000000011111111111111111111,
00000000000000000000000000000000000000000111111111111111111111,
00000000000000000000000000000000000000001011111111111111111111,
00000000000000000000000000000000000000001111111111111111111111,
00000000000000000000000000000000000000010011111111111111111111,
00000000000000000000000000000000000000010111111111111111111111,
00000000000000000000000000000000000000011011111111111111111111,
00000000000000000000000000000000000000011111111111111111111111,
00000000000000000000000000000000000000100011111111111111111111,
00000000000000000000000000000000000000100111111111111111111111,
00000000000000000000000000000000000000101011111111111111111111,
00000000000000000000000000000000000000101111111111111111111111,
00000000000000000000000000000000000000110011111111111111111111,
00000000000000000000000000000000000000110111111111111111111111,
00000000000000000000000000000000000000111011111111111111111111,
00000000000000000000000000000000000000111111111111111111111111,
00000000000000000000000000000000000001000011111111111111111111,
00000000000000000000000000000000000001000111111111111111111111,
00000000000000000000000000000000000001001011111111111111111111,
00000000000000000000000000000000000001001111111111111111111111,
00000000000000000000000000000000000001010011111111111111111111,
00000000000000000000000000000000000001010111111111111111111111,
00000000000000000000000000000000000001011011111111111111111111,
00000000000000000000000000000000000001011111111111111111111111,
00000000000000000000000000000000000001100011111111111111111111,
00000000000000000000000000000000000001100111111111111111111111,
00000000000000000000000000000000000001101011111111111111111111,
00000000000000000000000000000000000001101111111111111111111111,
00000000000000000000000000000000000001110011111111111111111111,
00000000000000000000000000000000000001110111111111111111111111,
00000000000000000000000000000000000001111011111111111111111111,
00000000000000000000000000000000000001111111111111111111111111,
00000000000000000000000000000000000010000011111111111111111111,
00000000000000000000000000000000000010000111111111111111111111,
00000000000000000000000000000000000010001011111111111111111111,
00000000000000000000000000000000000010001111111111111111111111,
00000000000000000000000000000000000010010011111111111111111111,
00000000000000000000000000000000000010010111111111111111111111,
00000000000000000000000000000000000010011011111111111111111111,
00000000000000000000000000000000000010011111111111111111111111,
00000000000000000000000000000000000010100011111111111111111111,
00000000000000000000000000000000000010100111111111111111111111,
00000000000000000000000000000000000010101011111111111111111111,
00000000000000000000000000000000000010101111111111111111111111,
00000000000000000000000000000000000010110011111111111111111111,
00000000000000000000000000000000000010110111111111111111111111,
00000000000000000000000000000000000010111011111111111111111111,
00000000000000000000000000000000000010111111111111111111111111,
00000000000000000000000000000000000011000011111111111111111111,
00000000000000000000000000000000000011000111111111111111111111,
00000000000000000000000000000000000011001011111111111111111111,
00000000000000000000000000000000000011001111111111111111111111,
00000000000000000000000000000000000011010011111111111111111111,
00000000000000000000000000000000000011010111111111111111111111,
00000000000000000000000000000000000011011011111111111111111111,
00000000000000000000000000000000000011011111111111111111111111,
00000000000000000000000000000000000011100011111111111111111111,
00000000000000000000000000000000000011100111111111111111111111,
00000000000000000000000000000000000011101011111111111111111111,
00000000000000000000000000000000000011101111111111111111111111,
00000000000000000000000000000000000011110011111111111111111111,
00000000000000000000000000000000000011110111111111111111111111,
00000000000000000000000000000000000011111011111111111111111111,
00000000000000000000000000000000000011111111111111111111111111,
00000000000000000000000000000000000100000011111111111111111111,
00000000000000000000000000000000000100000111111111111111111111,
00000000000000000000000000000000000100001011111111111111111111,
00000000000000000000000000000000000100001111111111111111111111,
00000000000000000000000000000000000100010011111111111111111111,
00000000000000000000000000000000000100010111111111111111111111,
00000000000000000000000000000000000100011011111111111111111111,
00000000000000000000000000000000000100011111111111111111111111,
00000000000000000000000000000000000100100011111111111111111111,
00000000000000000000000000000000000100100111111111111111111111,
00000000000000000000000000000000000100101011111111111111111111,
00000000000000000000000000000000000100101111111111111111111111,
00000000000000000000000000000000000100110011111111111111111111,
00000000000000000000000000000000000100110111111111111111111111,
00000000000000000000000000000000000100111011111111111111111111,
00000000000000000000000000000000000100111111111111111111111111,
00000000000000000000000000000000000101000011111111111111111111,
00000000000000000000000000000000000101000111111111111111111111,
00000000000000000000000000000000000101001011111111111111111111,
00000000000000000000000000000000000101001111111111111111111111,
00000000000000000000000000000000000101010011111111111111111111,
00000000000000000000000000000000000101010111111111111111111111,
00000000000000000000000000000000000101011011111111111111111111,
00000000000000000000000000000000000101011111111111111111111111,
00000000000000000000000000000000000101100011111111111111111111,
00000000000000000000000000000000000101100111111111111111111111,
00000000000000000000000000000000000101101011111111111111111111,
00000000000000000000000000000000000101101111111111111111111111,
00000000000000000000000000000000000101110011111111111111111111,
00000000000000000000000000000000000101110111111111111111111111,
00000000000000000000000000000000000101111011111111111111111111,
00000000000000000000000000000000000101111111111111111111111111,
00000000000000000000000000000000000110000011111111111111111111,
00000000000000000000000000000000000110000111111111111111111111,
00000000000000000000000000000000000110001011111111111111111111,
00000000000000000000000000000000000110001111111111111111111111,
00000000000000000000000000000000000110010011111111111111111111,
00000000000000000000000000000000000110010111111111111111111111,
00000000000000000000000000000000000110011011111111111111111111,
00000000000000000000000000000000000110011111111111111111111111,
00000000000000000000000000000000000110100011111111111111111111,
00000000000000000000000000000000000110100111111111111111111111,
00000000000000000000000000000000000110101011111111111111111111,
00000000000000000000000000000000000110101111111111111111111111,
00000000000000000000000000000000000110110011111111111111111111,
00000000000000000000000000000000000110110111111111111111111111,
00000000000000000000000000000000000110111011111111111111111111,
00000000000000000000000000000000000110111111111111111111111111,
00000000000000000000000000000000000111000011111111111111111111,
00000000000000000000000000000000000111000111111111111111111111,
00000000000000000000000000000000000111001011111111111111111111,
00000000000000000000000000000000000111001111111111111111111111,
00000000000000000000000000000000000111010011111111111111111111,
00000000000000000000000000000000000111010111111111111111111111,
00000000000000000000000000000000000111011011111111111111111111,
00000000000000000000000000000000000111011111111111111111111111,
00000000000000000000000000000000000111100011111111111111111111,
00000000000000000000000000000000000111100111111111111111111111,
00000000000000000000000000000000000111101011111111111111111111,
00000000000000000000000000000000000111101111111111111111111111,
00000000000000000000000000000000000111110011111111111111111111,
00000000000000000000000000000000000111110111111111111111111111,
00000000000000000000000000000000000111111011111111111111111111,
00000000000000000000000000000000000111111111111111111111111111,
00000000000000000000000000000000001000000011111111111111111111,
00000000000000000000000000000000001000000111111111111111111111,
00000000000000000000000000000000001000001011111111111111111111,
00000000000000000000000000000000001000001111111111111111111111,
00000000000000000000000000000000001000010011111111111111111111,
00000000000000000000000000000000001000010111111111111111111111,
00000000000000000000000000000000001000011011111111111111111111,
00000000000000000000000000000000001000011111111111111111111111,
00000000000000000000000000000000001000100011111111111111111111,
00000000000000000000000000000000001000100111111111111111111111,
00000000000000000000000000000000001000101011111111111111111111,
00000000000000000000000000000000001000101111111111111111111111,
00000000000000000000000000000000001000110011111111111111111111,
00000000000000000000000000000000001000110111111111111111111111,
00000000000000000000000000000000001000111011111111111111111111,
00000000000000000000000000000000001000111111111111111111111111,
00000000000000000000000000000000001001000011111111111111111111,
00000000000000000000000000000000001001000111111111111111111111,
00000000000000000000000000000000001001001011111111111111111111,
00000000000000000000000000000000001001001111111111111111111111,
00000000000000000000000000000000001001010011111111111111111111,
00000000000000000000000000000000001001010111111111111111111111,
00000000000000000000000000000000001001011011111111111111111111,
00000000000000000000000000000000001001011111111111111111111111,
00000000000000000000000000000000001001100011111111111111111111,
00000000000000000000000000000000001001100111111111111111111111,
00000000000000000000000000000000001001101011111111111111111111,
00000000000000000000000000000000001001101111111111111111111111,
00000000000000000000000000000000001001110011111111111111111111,
00000000000000000000000000000000001001110111111111111111111111,
00000000000000000000000000000000001001111011111111111111111111,
00000000000000000000000000000000001001111111111111111111111111,
00000000000000000000000000000000001010000011111111111111111111,
00000000000000000000000000000000001010000111111111111111111111,
00000000000000000000000000000000001010001011111111111111111111,
00000000000000000000000000000000001010001111111111111111111111,
00000000000000000000000000000000001010010011111111111111111111,
00000000000000000000000000000000001010010111111111111111111111,
00000000000000000000000000000000001010011011111111111111111111,
00000000000000000000000000000000001010011111111111111111111111,
00000000000000000000000000000000001010100011111111111111111111,
00000000000000000000000000000000001010100111111111111111111111,
00000000000000000000000000000000001010101011111111111111111111,
00000000000000000000000000000000001010101111111111111111111111,
00000000000000000000000000000000001010110011111111111111111111,
00000000000000000000000000000000001010110111111111111111111111,
00000000000000000000000000000000001010111011111111111111111111,
00000000000000000000000000000000001010111111111111111111111111,
00000000000000000000000000000000001011000011111111111111111111,
00000000000000000000000000000000001011000111111111111111111111,
00000000000000000000000000000000001011001011111111111111111111,
00000000000000000000000000000000001011001111111111111111111111,
00000000000000000000000000000000001011010011111111111111111111,
00000000000000000000000000000000001011010111111111111111111111,
00000000000000000000000000000000001011011011111111111111111111,
00000000000000000000000000000000001011011111111111111111111111,
00000000000000000000000000000000001011100011111111111111111111,
00000000000000000000000000000000001011100111111111111111111111,
00000000000000000000000000000000001011101011111111111111111111,
00000000000000000000000000000000001011101111111111111111111111,
00000000000000000000000000000000001011110011111111111111111111,
00000000000000000000000000000000001011110111111111111111111111,
00000000000000000000000000000000001011111011111111111111111111,
00000000000000000000000000000000001011111111111111111111111111,
00000000000000000000000000000000001100000011111111111111111111,
00000000000000000000000000000000001100000111111111111111111111,
00000000000000000000000000000000001100001011111111111111111111,
00000000000000000000000000000000001100001111111111111111111111,
00000000000000000000000000000000001100010011111111111111111111,
00000000000000000000000000000000001100010111111111111111111111,
00000000000000000000000000000000001100011011111111111111111111,
00000000000000000000000000000000001100011111111111111111111111,
00000000000000000000000000000000001100100011111111111111111111,
00000000000000000000000000000000001100100111111111111111111111,
00000000000000000000000000000000001100101011111111111111111111,
00000000000000000000000000000000001100101111111111111111111111,
00000000000000000000000000000000001100110011111111111111111111,
00000000000000000000000000000000001100110111111111111111111111,
00000000000000000000000000000000001100111011111111111111111111,
00000000000000000000000000000000001100111111111111111111111111,
00000000000000000000000000000000001101000011111111111111111111,
00000000000000000000000000000000001101000111111111111111111111,
00000000000000000000000000000000001101001011111111111111111111,
00000000000000000000000000000000001101001111111111111111111111,
00000000000000000000000000000000001101010011111111111111111111,
00000000000000000000000000000000001101010111111111111111111111,
00000000000000000000000000000000001101011011111111111111111111,
00000000000000000000000000000000001101011111111111111111111111,
00000000000000000000000000000000001101100011111111111111111111,
00000000000000000000000000000000001101100111111111111111111111,
00000000000000000000000000000000001101101011111111111111111111,
00000000000000000000000000000000001101101111111111111111111111,
00000000000000000000000000000000001101110011111111111111111111,
00000000000000000000000000000000001101110111111111111111111111,
00000000000000000000000000000000001101111011111111111111111111,
00000000000000000000000000000000001101111111111111111111111111,
00000000000000000000000000000000001110000011111111111111111111,
00000000000000000000000000000000001110000111111111111111111111,
00000000000000000000000000000000001110001011111111111111111111,
00000000000000000000000000000000001110001111111111111111111111,
00000000000000000000000000000000001110010011111111111111111111,
00000000000000000000000000000000001110010111111111111111111111,
00000000000000000000000000000000001110011011111111111111111111,
00000000000000000000000000000000001110011111111111111111111111,
00000000000000000000000000000000001110100011111111111111111111,
00000000000000000000000000000000001110100111111111111111111111,
00000000000000000000000000000000001110101011111111111111111111,
00000000000000000000000000000000001110101111111111111111111111,
00000000000000000000000000000000001110110011111111111111111111,
00000000000000000000000000000000001110110111111111111111111111,
00000000000000000000000000000000001110111011111111111111111111,
00000000000000000000000000000000001110111111111111111111111111,
00000000000000000000000000000000001111000011111111111111111111,
00000000000000000000000000000000001111000111111111111111111111,
00000000000000000000000000000000001111001011111111111111111111,
00000000000000000000000000000000001111001111111111111111111111,
00000000000000000000000000000000001111010011111111111111111111,
00000000000000000000000000000000001111010111111111111111111111,
00000000000000000000000000000000001111011011111111111111111111,
00000000000000000000000000000000001111011111111111111111111111,
00000000000000000000000000000000001111100011111111111111111111,
00000000000000000000000000000000001111100111111111111111111111,
00000000000000000000000000000000001111101011111111111111111111,
00000000000000000000000000000000001111101111111111111111111111,
00000000000000000000000000000000001111110011111111111111111111,
00000000000000000000000000000000001111110111111111111111111111,
00000000000000000000000000000000001111111011111111111111111111,
00000000000000000000000000000000001111111111111111111111111111,
00000000000000000000000000000000010000000011111111111111111111,
00000000000000000000000000000000010000000111111111111111111111,
00000000000000000000000000000000010000001011111111111111111111,
00000000000000000000000000000000010000001111111111111111111111,
00000000000000000000000000000000010000010011111111111111111111,
00000000000000000000000000000000010000010111111111111111111111,
00000000000000000000000000000000010000011011111111111111111111,
00000000000000000000000000000000010000011111111111111111111111,
00000000000000000000000000000000010000100011111111111111111111,
00000000000000000000000000000000010000100111111111111111111111,
00000000000000000000000000000000010000101011111111111111111111,
00000000000000000000000000000000010000101111111111111111111111,
00000000000000000000000000000000010000110011111111111111111111,
00000000000000000000000000000000010000110111111111111111111111,
00000000000000000000000000000000010000111011111111111111111111,
00000000000000000000000000000000010000111111111111111111111111,
00000000000000000000000000000000010001000011111111111111111111,
00000000000000000000000000000000010001000111111111111111111111,
00000000000000000000000000000000010001001011111111111111111111,
00000000000000000000000000000000010001001111111111111111111111,
00000000000000000000000000000000010001010011111111111111111111,
00000000000000000000000000000000010001010111111111111111111111,
00000000000000000000000000000000010001011011111111111111111111,
00000000000000000000000000000000010001011111111111111111111111,
00000000000000000000000000000000010001100011111111111111111111,
00000000000000000000000000000000010001100111111111111111111111,
00000000000000000000000000000000010001101011111111111111111111,
00000000000000000000000000000000010001101111111111111111111111,
00000000000000000000000000000000010001110011111111111111111111,
00000000000000000000000000000000010001110111111111111111111111,
00000000000000000000000000000000010001111011111111111111111111,
00000000000000000000000000000000010001111111111111111111111111,
00000000000000000000000000000000010010000011111111111111111111,
00000000000000000000000000000000010010000111111111111111111111,
00000000000000000000000000000000010010001011111111111111111111,
00000000000000000000000000000000010010001111111111111111111111,
00000000000000000000000000000000010010010011111111111111111111,
00000000000000000000000000000000010010010111111111111111111111,
00000000000000000000000000000000010010011011111111111111111111,
00000000000000000000000000000000010010011111111111111111111111,
00000000000000000000000000000000010010100011111111111111111111,
00000000000000000000000000000000010010100111111111111111111111,
00000000000000000000000000000000010010101011111111111111111111,
00000000000000000000000000000000010010101111111111111111111111,
00000000000000000000000000000000010010110011111111111111111111,
00000000000000000000000000000000010010110111111111111111111111,
00000000000000000000000000000000010010111011111111111111111111,
00000000000000000000000000000000010010111111111111111111111111,
00000000000000000000000000000000010011000011111111111111111111,
00000000000000000000000000000000010011000111111111111111111111,
00000000000000000000000000000000010011001011111111111111111111,
00000000000000000000000000000000010011001111111111111111111111,
00000000000000000000000000000000010011010011111111111111111111,
00000000000000000000000000000000010011010111111111111111111111,
00000000000000000000000000000000010011011011111111111111111111,
00000000000000000000000000000000010011011111111111111111111111,
00000000000000000000000000000000010011100011111111111111111111,
00000000000000000000000000000000010011100111111111111111111111,
00000000000000000000000000000000010011101011111111111111111111,
00000000000000000000000000000000010011101111111111111111111111,
00000000000000000000000000000000010011110011111111111111111111,
00000000000000000000000000000000010011110111111111111111111111,
00000000000000000000000000000000010011111011111111111111111111,
00000000000000000000000000000000010011111111111111111111111111,
00000000000000000000000000000000010100000011111111111111111111,
00000000000000000000000000000000010100000111111111111111111111,
00000000000000000000000000000000010100001011111111111111111111,
00000000000000000000000000000000010100001111111111111111111111,
00000000000000000000000000000000010100010011111111111111111111,
00000000000000000000000000000000010100010111111111111111111111,
00000000000000000000000000000000010100011011111111111111111111,
00000000000000000000000000000000010100011111111111111111111111,
00000000000000000000000000000000010100100011111111111111111111,
00000000000000000000000000000000010100100111111111111111111111,
00000000000000000000000000000000010100101011111111111111111111,
00000000000000000000000000000000010100101111111111111111111111,
00000000000000000000000000000000010100110011111111111111111111,
00000000000000000000000000000000010100110111111111111111111111,
00000000000000000000000000000000010100111011111111111111111111,
00000000000000000000000000000000010100111111111111111111111111,
00000000000000000000000000000000010101000011111111111111111111,
00000000000000000000000000000000010101000111111111111111111111,
00000000000000000000000000000000010101001011111111111111111111,
00000000000000000000000000000000010101001111111111111111111111,
00000000000000000000000000000000010101010011111111111111111111,
00000000000000000000000000000000010101010111111111111111111111,
00000000000000000000000000000000010101011011111111111111111111,
00000000000000000000000000000000010101011111111111111111111111,
00000000000000000000000000000000010101100011111111111111111111,
00000000000000000000000000000000010101100111111111111111111111,
00000000000000000000000000000000010101101011111111111111111111,
00000000000000000000000000000000010101101111111111111111111111,
00000000000000000000000000000000010101110011111111111111111111,
00000000000000000000000000000000010101110111111111111111111111,
00000000000000000000000000000000010101111011111111111111111111,
00000000000000000000000000000000010101111111111111111111111111,
00000000000000000000000000000000010110000011111111111111111111,
00000000000000000000000000000000010110000111111111111111111111,
00000000000000000000000000000000010110001011111111111111111111,
00000000000000000000000000000000010110001111111111111111111111,
00000000000000000000000000000000010110010011111111111111111111,
00000000000000000000000000000000010110010111111111111111111111,
00000000000000000000000000000000010110011011111111111111111111,
00000000000000000000000000000000010110011111111111111111111111,
00000000000000000000000000000000010110100011111111111111111111,
00000000000000000000000000000000010110100111111111111111111111,
00000000000000000000000000000000010110101011111111111111111111,
00000000000000000000000000000000010110101111111111111111111111,
00000000000000000000000000000000010110110011111111111111111111,
00000000000000000000000000000000010110110111111111111111111111,
00000000000000000000000000000000010110111011111111111111111111,
00000000000000000000000000000000010110111111111111111111111111,
00000000000000000000000000000000010111000011111111111111111111,
00000000000000000000000000000000010111000111111111111111111111,
00000000000000000000000000000000010111001011111111111111111111,
00000000000000000000000000000000010111001111111111111111111111,
00000000000000000000000000000000010111010011111111111111111111,
00000000000000000000000000000000010111010111111111111111111111,
00000000000000000000000000000000010111011011111111111111111111,
00000000000000000000000000000000010111011111111111111111111111,
00000000000000000000000000000000010111100011111111111111111111,
00000000000000000000000000000000010111100111111111111111111111,
00000000000000000000000000000000010111101011111111111111111111,
00000000000000000000000000000000010111101111111111111111111111,
00000000000000000000000000000000010111110011111111111111111111,
00000000000000000000000000000000010111110111111111111111111111,
00000000000000000000000000000000010111111011111111111111111111,
00000000000000000000000000000000010111111111111111111111111111,
00000000000000000000000000000000011000000011111111111111111111,
00000000000000000000000000000000011000000111111111111111111111,
00000000000000000000000000000000011000001011111111111111111111,
00000000000000000000000000000000011000001111111111111111111111,
00000000000000000000000000000000011000010011111111111111111111,
00000000000000000000000000000000011000010111111111111111111111,
00000000000000000000000000000000011000011011111111111111111111,
00000000000000000000000000000000011000011111111111111111111111,
00000000000000000000000000000000011000100011111111111111111111,
00000000000000000000000000000000011000100111111111111111111111,
00000000000000000000000000000000011000101011111111111111111111,
00000000000000000000000000000000011000101111111111111111111111,
00000000000000000000000000000000011000110011111111111111111111,
00000000000000000000000000000000011000110111111111111111111111,
00000000000000000000000000000000011000111011111111111111111111,
00000000000000000000000000000000011000111111111111111111111111,
00000000000000000000000000000000011001000011111111111111111111,
00000000000000000000000000000000011001000111111111111111111111,
00000000000000000000000000000000011001001011111111111111111111,
00000000000000000000000000000000011001001111111111111111111111,
00000000000000000000000000000000011001010011111111111111111111,
00000000000000000000000000000000011001010111111111111111111111,
00000000000000000000000000000000011001011011111111111111111111,
00000000000000000000000000000000011001011111111111111111111111,
00000000000000000000000000000000011001100011111111111111111111,
00000000000000000000000000000000011001100111111111111111111111,
00000000000000000000000000000000011001101011111111111111111111,
00000000000000000000000000000000011001101111111111111111111111,
00000000000000000000000000000000011001110011111111111111111111,
00000000000000000000000000000000011001110111111111111111111111,
00000000000000000000000000000000011001111011111111111111111111,
00000000000000000000000000000000011001111111111111111111111111,
00000000000000000000000000000000011010000011111111111111111111,
00000000000000000000000000000000011010000111111111111111111111,
00000000000000000000000000000000011010001011111111111111111111,
00000000000000000000000000000000011010001111111111111111111111,
00000000000000000000000000000000011010010011111111111111111111,
00000000000000000000000000000000011010010111111111111111111111,
00000000000000000000000000000000011010011011111111111111111111,
00000000000000000000000000000000011010011111111111111111111111,
00000000000000000000000000000000011010100011111111111111111111,
00000000000000000000000000000000011010100111111111111111111111,
00000000000000000000000000000000011010101011111111111111111111,
00000000000000000000000000000000011010101111111111111111111111,
00000000000000000000000000000000011010110011111111111111111111,
00000000000000000000000000000000011010110111111111111111111111,
00000000000000000000000000000000011010111011111111111111111111,
00000000000000000000000000000000011010111111111111111111111111,
00000000000000000000000000000000011011000011111111111111111111,
00000000000000000000000000000000011011000111111111111111111111,
00000000000000000000000000000000011011001011111111111111111111,
00000000000000000000000000000000011011001111111111111111111111,
00000000000000000000000000000000011011010011111111111111111111,
00000000000000000000000000000000011011010111111111111111111111,
00000000000000000000000000000000011011011011111111111111111111,
00000000000000000000000000000000011011011111111111111111111111,
00000000000000000000000000000000011011100011111111111111111111,
00000000000000000000000000000000011011100111111111111111111111,
00000000000000000000000000000000011011101011111111111111111111,
00000000000000000000000000000000011011101111111111111111111111,
00000000000000000000000000000000011011110011111111111111111111,
00000000000000000000000000000000011011110111111111111111111111,
00000000000000000000000000000000011011111011111111111111111111,
00000000000000000000000000000000011011111111111111111111111111,
00000000000000000000000000000000011100000011111111111111111111,
00000000000000000000000000000000011100000111111111111111111111,
00000000000000000000000000000000011100001011111111111111111111,
00000000000000000000000000000000011100001111111111111111111111,
00000000000000000000000000000000011100010011111111111111111111,
00000000000000000000000000000000011100010111111111111111111111,
00000000000000000000000000000000011100011011111111111111111111,
00000000000000000000000000000000011100011111111111111111111111,
00000000000000000000000000000000011100100011111111111111111111,
00000000000000000000000000000000011100100111111111111111111111,
00000000000000000000000000000000011100101011111111111111111111,
00000000000000000000000000000000011100101111111111111111111111,
00000000000000000000000000000000011100110011111111111111111111,
00000000000000000000000000000000011100110111111111111111111111,
00000000000000000000000000000000011100111011111111111111111111,
00000000000000000000000000000000011100111111111111111111111111,
00000000000000000000000000000000011101000011111111111111111111,
00000000000000000000000000000000011101000111111111111111111111,
00000000000000000000000000000000011101001011111111111111111111,
00000000000000000000000000000000011101001111111111111111111111,
00000000000000000000000000000000011101010011111111111111111111,
00000000000000000000000000000000011101010111111111111111111111,
00000000000000000000000000000000011101011011111111111111111111,
00000000000000000000000000000000011101011111111111111111111111,
00000000000000000000000000000000011101100011111111111111111111,
00000000000000000000000000000000011101100111111111111111111111,
00000000000000000000000000000000011101101011111111111111111111,
00000000000000000000000000000000011101101111111111111111111111,
00000000000000000000000000000000011101110011111111111111111111,
00000000000000000000000000000000011101110111111111111111111111,
00000000000000000000000000000000011101111011111111111111111111,
00000000000000000000000000000000011101111111111111111111111111,
00000000000000000000000000000000011110000011111111111111111111,
00000000000000000000000000000000011110000111111111111111111111,
00000000000000000000000000000000011110001011111111111111111111,
00000000000000000000000000000000011110001111111111111111111111,
00000000000000000000000000000000011110010011111111111111111111,
00000000000000000000000000000000011110010111111111111111111111,
00000000000000000000000000000000011110011011111111111111111111,
00000000000000000000000000000000011110011111111111111111111111,
00000000000000000000000000000000011110100011111111111111111111,
00000000000000000000000000000000011110100111111111111111111111,
00000000000000000000000000000000011110101011111111111111111111,
00000000000000000000000000000000011110101111111111111111111111,
00000000000000000000000000000000011110110011111111111111111111,
00000000000000000000000000000000011110110111111111111111111111,
00000000000000000000000000000000011110111011111111111111111111,
00000000000000000000000000000000011110111111111111111111111111,
00000000000000000000000000000000011111000011111111111111111111,
00000000000000000000000000000000011111000111111111111111111111,
00000000000000000000000000000000011111001011111111111111111111,
00000000000000000000000000000000011111001111111111111111111111,
00000000000000000000000000000000011111010011111111111111111111,
00000000000000000000000000000000011111010111111111111111111111,
00000000000000000000000000000000011111011011111111111111111111,
00000000000000000000000000000000011111011111111111111111111111,
00000000000000000000000000000000011111100011111111111111111111,
00000000000000000000000000000000011111100111111111111111111111,
00000000000000000000000000000000011111101011111111111111111111,
00000000000000000000000000000000011111101111111111111111111111,
00000000000000000000000000000000011111110011111111111111111111,
00000000000000000000000000000000011111110111111111111111111111,
00000000000000000000000000000000011111111011111111111111111111,
00000000000000000000000000000000011111111111111111111111111111,
00000000000000000000000000000000100000000011111111111111111111,
00000000000000000000000000000000100000000111111111111111111111,
00000000000000000000000000000000100000001011111111111111111111,
00000000000000000000000000000000100000001111111111111111111111,
00000000000000000000000000000000100000010011111111111111111111,
00000000000000000000000000000000100000010111111111111111111111,
00000000000000000000000000000000100000011011111111111111111111,
00000000000000000000000000000000100000011111111111111111111111,
00000000000000000000000000000000100000100011111111111111111111,
00000000000000000000000000000000100000100111111111111111111111,
00000000000000000000000000000000100000101011111111111111111111,
00000000000000000000000000000000100000101111111111111111111111,
00000000000000000000000000000000100000110011111111111111111111,
00000000000000000000000000000000100000110111111111111111111111,
00000000000000000000000000000000100000111011111111111111111111,
00000000000000000000000000000000100000111111111111111111111111,
00000000000000000000000000000000100001000011111111111111111111,
00000000000000000000000000000000100001000111111111111111111111,
00000000000000000000000000000000100001001011111111111111111111,
00000000000000000000000000000000100001001111111111111111111111,
00000000000000000000000000000000100001010011111111111111111111,
00000000000000000000000000000000100001010111111111111111111111,
00000000000000000000000000000000100001011011111111111111111111,
00000000000000000000000000000000100001011111111111111111111111,
00000000000000000000000000000000100001100011111111111111111111,
00000000000000000000000000000000100001100111111111111111111111,
00000000000000000000000000000000100001101011111111111111111111,
00000000000000000000000000000000100001101111111111111111111111,
00000000000000000000000000000000100001110011111111111111111111,
00000000000000000000000000000000100001110111111111111111111111,
00000000000000000000000000000000100001111011111111111111111111,
00000000000000000000000000000000100001111111111111111111111111,
00000000000000000000000000000000100010000011111111111111111111,
00000000000000000000000000000000100010000111111111111111111111,
00000000000000000000000000000000100010001011111111111111111111,
00000000000000000000000000000000100010001111111111111111111111,
00000000000000000000000000000000100010010011111111111111111111,
00000000000000000000000000000000100010010111111111111111111111,
00000000000000000000000000000000100010011011111111111111111111,
00000000000000000000000000000000100010011111111111111111111111,
00000000000000000000000000000000100010100011111111111111111111,
00000000000000000000000000000000100010100111111111111111111111,
00000000000000000000000000000000100010101011111111111111111111,
00000000000000000000000000000000100010101111111111111111111111,
00000000000000000000000000000000100010110011111111111111111111,
00000000000000000000000000000000100010110111111111111111111111,
00000000000000000000000000000000100010111011111111111111111111,
00000000000000000000000000000000100010111111111111111111111111,
00000000000000000000000000000000100011000011111111111111111111,
00000000000000000000000000000000100011000111111111111111111111,
00000000000000000000000000000000100011001011111111111111111111,
00000000000000000000000000000000100011001111111111111111111111,
00000000000000000000000000000000100011010011111111111111111111,
00000000000000000000000000000000100011010111111111111111111111,
00000000000000000000000000000000100011011011111111111111111111,
00000000000000000000000000000000100011011111111111111111111111,
00000000000000000000000000000000100011100011111111111111111111,
00000000000000000000000000000000100011100111111111111111111111,
00000000000000000000000000000000100011101011111111111111111111,
00000000000000000000000000000000100011101111111111111111111111,
00000000000000000000000000000000100011110011111111111111111111,
00000000000000000000000000000000100011110111111111111111111111,
00000000000000000000000000000000100011111011111111111111111111,
00000000000000000000000000000000100011111111111111111111111111,
00000000000000000000000000000000100100000011111111111111111111,
00000000000000000000000000000000100100000111111111111111111111,
00000000000000000000000000000000100100001011111111111111111111,
00000000000000000000000000000000100100001111111111111111111111,
00000000000000000000000000000000100100010011111111111111111111,
00000000000000000000000000000000100100010111111111111111111111,
00000000000000000000000000000000100100011011111111111111111111,
00000000000000000000000000000000100100011111111111111111111111,
00000000000000000000000000000000100100100011111111111111111111,
00000000000000000000000000000000100100100111111111111111111111,
00000000000000000000000000000000100100101011111111111111111111,
00000000000000000000000000000000100100101111111111111111111111,
00000000000000000000000000000000100100110011111111111111111111,
00000000000000000000000000000000100100110111111111111111111111,
00000000000000000000000000000000100100111011111111111111111111,
00000000000000000000000000000000100100111111111111111111111111,
00000000000000000000000000000000100101000011111111111111111111,
00000000000000000000000000000000100101000111111111111111111111,
00000000000000000000000000000000100101001011111111111111111111,
00000000000000000000000000000000100101001111111111111111111111,
00000000000000000000000000000000100101010011111111111111111111,
00000000000000000000000000000000100101010111111111111111111111,
00000000000000000000000000000000100101011011111111111111111111,
00000000000000000000000000000000100101011111111111111111111111,
00000000000000000000000000000000100101100011111111111111111111,
00000000000000000000000000000000100101100111111111111111111111,
00000000000000000000000000000000100101101011111111111111111111,
00000000000000000000000000000000100101101111111111111111111111,
00000000000000000000000000000000100101110011111111111111111111,
00000000000000000000000000000000100101110111111111111111111111,
00000000000000000000000000000000100101111011111111111111111111,
00000000000000000000000000000000100101111111111111111111111111,
00000000000000000000000000000000100110000011111111111111111111,
00000000000000000000000000000000100110000111111111111111111111,
00000000000000000000000000000000100110001011111111111111111111,
00000000000000000000000000000000100110001111111111111111111111,
00000000000000000000000000000000100110010011111111111111111111,
00000000000000000000000000000000100110010111111111111111111111,
00000000000000000000000000000000100110011011111111111111111111,
00000000000000000000000000000000100110011111111111111111111111,
00000000000000000000000000000000100110100011111111111111111111,
00000000000000000000000000000000100110100111111111111111111111,
00000000000000000000000000000000100110101011111111111111111111,
00000000000000000000000000000000100110101111111111111111111111,
00000000000000000000000000000000100110110011111111111111111111,
00000000000000000000000000000000100110110111111111111111111111,
00000000000000000000000000000000100110111011111111111111111111,
00000000000000000000000000000000100110111111111111111111111111,
00000000000000000000000000000000100111000011111111111111111111,
00000000000000000000000000000000100111000111111111111111111111,
00000000000000000000000000000000100111001011111111111111111111,
00000000000000000000000000000000100111001111111111111111111111,
00000000000000000000000000000000100111010011111111111111111111,
00000000000000000000000000000000100111010111111111111111111111,
00000000000000000000000000000000100111011011111111111111111111,
00000000000000000000000000000000100111011111111111111111111111,
00000000000000000000000000000000100111100011111111111111111111,
00000000000000000000000000000000100111100111111111111111111111,
00000000000000000000000000000000100111101011111111111111111111,
00000000000000000000000000000000100111101111111111111111111111,
00000000000000000000000000000000100111110011111111111111111111,
00000000000000000000000000000000100111110111111111111111111111,
00000000000000000000000000000000100111111011111111111111111111,
00000000000000000000000000000000100111111111111111111111111111,
00000000000000000000000000000000101000000011111111111111111111,
00000000000000000000000000000000101000000111111111111111111111,
00000000000000000000000000000000101000001011111111111111111111,
00000000000000000000000000000000101000001111111111111111111111,
00000000000000000000000000000000101000010011111111111111111111,
00000000000000000000000000000000101000010111111111111111111111,
00000000000000000000000000000000101000011011111111111111111111,
00000000000000000000000000000000101000011111111111111111111111,
00000000000000000000000000000000101000100011111111111111111111,
00000000000000000000000000000000101000100111111111111111111111,
00000000000000000000000000000000101000101011111111111111111111,
00000000000000000000000000000000101000101111111111111111111111,
00000000000000000000000000000000101000110011111111111111111111,
00000000000000000000000000000000101000110111111111111111111111,
00000000000000000000000000000000101000111011111111111111111111,
00000000000000000000000000000000101000111111111111111111111111,
00000000000000000000000000000000101001000011111111111111111111,
00000000000000000000000000000000101001000111111111111111111111,
00000000000000000000000000000000101001001011111111111111111111,
00000000000000000000000000000000101001001111111111111111111111,
00000000000000000000000000000000101001010011111111111111111111,
00000000000000000000000000000000101001010111111111111111111111,
00000000000000000000000000000000101001011011111111111111111111,
00000000000000000000000000000000101001011111111111111111111111,
00000000000000000000000000000000101001100011111111111111111111,
00000000000000000000000000000000101001100111111111111111111111,
00000000000000000000000000000000101001101011111111111111111111,
00000000000000000000000000000000101001101111111111111111111111,
00000000000000000000000000000000101001110011111111111111111111,
00000000000000000000000000000000101001110111111111111111111111,
00000000000000000000000000000000101001111011111111111111111111,
00000000000000000000000000000000101001111111111111111111111111,
00000000000000000000000000000000101010000011111111111111111111,
00000000000000000000000000000000101010000111111111111111111111,
00000000000000000000000000000000101010001011111111111111111111,
00000000000000000000000000000000101010001111111111111111111111,
00000000000000000000000000000000101010010011111111111111111111,
00000000000000000000000000000000101010010111111111111111111111,
00000000000000000000000000000000101010011011111111111111111111,
00000000000000000000000000000000101010011111111111111111111111,
00000000000000000000000000000000101010100011111111111111111111,
00000000000000000000000000000000101010100111111111111111111111,
00000000000000000000000000000000101010101011111111111111111111,
00000000000000000000000000000000101010101111111111111111111111,
00000000000000000000000000000000101010110011111111111111111111,
00000000000000000000000000000000101010110111111111111111111111,
00000000000000000000000000000000101010111011111111111111111111,
00000000000000000000000000000000101010111111111111111111111111,
00000000000000000000000000000000101011000011111111111111111111,
00000000000000000000000000000000101011000111111111111111111111,
00000000000000000000000000000000101011001011111111111111111111,
00000000000000000000000000000000101011001111111111111111111111,
00000000000000000000000000000000101011010011111111111111111111,
00000000000000000000000000000000101011010111111111111111111111,
00000000000000000000000000000000101011011011111111111111111111,
00000000000000000000000000000000101011011111111111111111111111,
00000000000000000000000000000000101011100011111111111111111111,
00000000000000000000000000000000101011100111111111111111111111,
00000000000000000000000000000000101011101011111111111111111111,
00000000000000000000000000000000101011101111111111111111111111,
00000000000000000000000000000000101011110011111111111111111111,
00000000000000000000000000000000101011110111111111111111111111,
00000000000000000000000000000000101011111011111111111111111111,
00000000000000000000000000000000101011111111111111111111111111,
00000000000000000000000000000000101100000011111111111111111111,
00000000000000000000000000000000101100000111111111111111111111,
00000000000000000000000000000000101100001011111111111111111111,
00000000000000000000000000000000101100001111111111111111111111,
00000000000000000000000000000000101100010011111111111111111111,
00000000000000000000000000000000101100010111111111111111111111,
00000000000000000000000000000000101100011011111111111111111111,
00000000000000000000000000000000101100011111111111111111111111,
00000000000000000000000000000000101100100011111111111111111111,
00000000000000000000000000000000101100100111111111111111111111,
00000000000000000000000000000000101100101011111111111111111111,
00000000000000000000000000000000101100101111111111111111111111,
00000000000000000000000000000000101100110011111111111111111111,
00000000000000000000000000000000101100110111111111111111111111,
00000000000000000000000000000000101100111011111111111111111111,
00000000000000000000000000000000101100111111111111111111111111,
00000000000000000000000000000000101101000011111111111111111111,
00000000000000000000000000000000101101000111111111111111111111,
00000000000000000000000000000000101101001011111111111111111111,
00000000000000000000000000000000101101001111111111111111111111,
00000000000000000000000000000000101101010011111111111111111111,
00000000000000000000000000000000101101010111111111111111111111,
00000000000000000000000000000000101101011011111111111111111111,
00000000000000000000000000000000101101011111111111111111111111,
00000000000000000000000000000000101101100011111111111111111111,
00000000000000000000000000000000101101100111111111111111111111,
00000000000000000000000000000000101101101011111111111111111111,
00000000000000000000000000000000101101101111111111111111111111,
00000000000000000000000000000000101101110011111111111111111111,
00000000000000000000000000000000101101110111111111111111111111,
00000000000000000000000000000000101101111011111111111111111111,
00000000000000000000000000000000101101111111111111111111111111,
00000000000000000000000000000000101110000011111111111111111111,
00000000000000000000000000000000101110000111111111111111111111,
00000000000000000000000000000000101110001011111111111111111111,
00000000000000000000000000000000101110001111111111111111111111,
00000000000000000000000000000000101110010011111111111111111111,
00000000000000000000000000000000101110010111111111111111111111,
00000000000000000000000000000000101110011011111111111111111111,
00000000000000000000000000000000101110011111111111111111111111,
00000000000000000000000000000000101110100011111111111111111111,
00000000000000000000000000000000101110100111111111111111111111,
00000000000000000000000000000000101110101011111111111111111111,
00000000000000000000000000000000101110101111111111111111111111,
00000000000000000000000000000000101110110011111111111111111111,
00000000000000000000000000000000101110110111111111111111111111,
00000000000000000000000000000000101110111011111111111111111111,
00000000000000000000000000000000101110111111111111111111111111,
00000000000000000000000000000000101111000011111111111111111111,
00000000000000000000000000000000101111000111111111111111111111,
00000000000000000000000000000000101111001011111111111111111111,
00000000000000000000000000000000101111001111111111111111111111,
00000000000000000000000000000000101111010011111111111111111111,
00000000000000000000000000000000101111010111111111111111111111,
00000000000000000000000000000000101111011011111111111111111111,
00000000000000000000000000000000101111011111111111111111111111,
00000000000000000000000000000000101111100011111111111111111111,
00000000000000000000000000000000101111100111111111111111111111,
00000000000000000000000000000000101111101011111111111111111111,
00000000000000000000000000000000101111101111111111111111111111,
00000000000000000000000000000000101111110011111111111111111111,
00000000000000000000000000000000101111110111111111111111111111,
00000000000000000000000000000000101111111011111111111111111111,
00000000000000000000000000000000101111111111111111111111111111,
00000000000000000000000000000000110000000011111111111111111111,
00000000000000000000000000000000110000000111111111111111111111,
00000000000000000000000000000000110000001011111111111111111111,
00000000000000000000000000000000110000001111111111111111111111,
00000000000000000000000000000000110000010011111111111111111111,
00000000000000000000000000000000110000010111111111111111111111,
00000000000000000000000000000000110000011011111111111111111111,
00000000000000000000000000000000110000011111111111111111111111,
00000000000000000000000000000000110000100011111111111111111111,
00000000000000000000000000000000110000100111111111111111111111,
00000000000000000000000000000000110000101011111111111111111111,
00000000000000000000000000000000110000101111111111111111111111,
00000000000000000000000000000000110000110011111111111111111111,
00000000000000000000000000000000110000110111111111111111111111,
00000000000000000000000000000000110000111011111111111111111111,
00000000000000000000000000000000110000111111111111111111111111,
00000000000000000000000000000000110001000011111111111111111111,
00000000000000000000000000000000110001000111111111111111111111,
00000000000000000000000000000000110001001011111111111111111111,
00000000000000000000000000000000110001001111111111111111111111,
00000000000000000000000000000000110001010011111111111111111111,
00000000000000000000000000000000110001010111111111111111111111,
00000000000000000000000000000000110001011011111111111111111111,
00000000000000000000000000000000110001011111111111111111111111,
00000000000000000000000000000000110001100011111111111111111111,
00000000000000000000000000000000110001100111111111111111111111,
00000000000000000000000000000000110001101011111111111111111111,
00000000000000000000000000000000110001101111111111111111111111,
00000000000000000000000000000000110001110011111111111111111111,
00000000000000000000000000000000110001110111111111111111111111,
00000000000000000000000000000000110001111011111111111111111111,
00000000000000000000000000000000110001111111111111111111111111,
00000000000000000000000000000000110010000011111111111111111111,
00000000000000000000000000000000110010000111111111111111111111,
00000000000000000000000000000000110010001011111111111111111111,
00000000000000000000000000000000110010001111111111111111111111,
00000000000000000000000000000000110010010011111111111111111111,
00000000000000000000000000000000110010010111111111111111111111,
00000000000000000000000000000000110010011011111111111111111111,
00000000000000000000000000000000110010011111111111111111111111,
00000000000000000000000000000000110010100011111111111111111111,
00000000000000000000000000000000110010100111111111111111111111,
00000000000000000000000000000000110010101011111111111111111111,
00000000000000000000000000000000110010101111111111111111111111,
00000000000000000000000000000000110010110011111111111111111111,
00000000000000000000000000000000110010110111111111111111111111,
00000000000000000000000000000000110010111011111111111111111111,
00000000000000000000000000000000110010111111111111111111111111,
00000000000000000000000000000000110011000011111111111111111111,
00000000000000000000000000000000110011000111111111111111111111,
00000000000000000000000000000000110011001011111111111111111111,
00000000000000000000000000000000110011001111111111111111111111,
00000000000000000000000000000000110011010011111111111111111111,
00000000000000000000000000000000110011010111111111111111111111,
00000000000000000000000000000000110011011011111111111111111111,
00000000000000000000000000000000110011011111111111111111111111,
00000000000000000000000000000000110011100011111111111111111111,
00000000000000000000000000000000110011100111111111111111111111,
00000000000000000000000000000000110011101011111111111111111111,
00000000000000000000000000000000110011101111111111111111111111,
00000000000000000000000000000000110011110011111111111111111111,
00000000000000000000000000000000110011110111111111111111111111,
00000000000000000000000000000000110011111011111111111111111111,
00000000000000000000000000000000110011111111111111111111111111,
00000000000000000000000000000000110100000011111111111111111111,
00000000000000000000000000000000110100000111111111111111111111,
00000000000000000000000000000000110100001011111111111111111111,
00000000000000000000000000000000110100001111111111111111111111,
00000000000000000000000000000000110100010011111111111111111111,
00000000000000000000000000000000110100010111111111111111111111,
00000000000000000000000000000000110100011011111111111111111111,
00000000000000000000000000000000110100011111111111111111111111,
00000000000000000000000000000000110100100011111111111111111111,
00000000000000000000000000000000110100100111111111111111111111,
00000000000000000000000000000000110100101011111111111111111111,
00000000000000000000000000000000110100101111111111111111111111,
00000000000000000000000000000000110100110011111111111111111111,
00000000000000000000000000000000110100110111111111111111111111,
00000000000000000000000000000000110100111011111111111111111111,
00000000000000000000000000000000110100111111111111111111111111,
00000000000000000000000000000000110101000011111111111111111111,
00000000000000000000000000000000110101000111111111111111111111,
00000000000000000000000000000000110101001011111111111111111111,
00000000000000000000000000000000110101001111111111111111111111,
00000000000000000000000000000000110101010011111111111111111111,
00000000000000000000000000000000110101010111111111111111111111,
00000000000000000000000000000000110101011011111111111111111111,
00000000000000000000000000000000110101011111111111111111111111,
00000000000000000000000000000000110101100011111111111111111111,
00000000000000000000000000000000110101100111111111111111111111,
00000000000000000000000000000000110101101011111111111111111111,
00000000000000000000000000000000110101101111111111111111111111,
00000000000000000000000000000000110101110011111111111111111111,
00000000000000000000000000000000110101110111111111111111111111,
00000000000000000000000000000000110101111011111111111111111111,
00000000000000000000000000000000110101111111111111111111111111,
00000000000000000000000000000000110110000011111111111111111111,
00000000000000000000000000000000110110000111111111111111111111,
00000000000000000000000000000000110110001011111111111111111111,
00000000000000000000000000000000110110001111111111111111111111,
00000000000000000000000000000000110110010011111111111111111111,
00000000000000000000000000000000110110010111111111111111111111,
00000000000000000000000000000000110110011011111111111111111111,
00000000000000000000000000000000110110011111111111111111111111,
00000000000000000000000000000000110110100011111111111111111111,
00000000000000000000000000000000110110100111111111111111111111,
00000000000000000000000000000000110110101011111111111111111111,
00000000000000000000000000000000110110101111111111111111111111,
00000000000000000000000000000000110110110011111111111111111111,
00000000000000000000000000000000110110110111111111111111111111,
00000000000000000000000000000000110110111011111111111111111111,
00000000000000000000000000000000110110111111111111111111111111,
00000000000000000000000000000000110111000011111111111111111111,
00000000000000000000000000000000110111000111111111111111111111,
00000000000000000000000000000000110111001011111111111111111111,
00000000000000000000000000000000110111001111111111111111111111,
00000000000000000000000000000000110111010011111111111111111111,
00000000000000000000000000000000110111010111111111111111111111,
00000000000000000000000000000000110111011011111111111111111111,
00000000000000000000000000000000110111011111111111111111111111,
00000000000000000000000000000000110111100011111111111111111111,
00000000000000000000000000000000110111100111111111111111111111,
00000000000000000000000000000000110111101011111111111111111111,
00000000000000000000000000000000110111101111111111111111111111,
00000000000000000000000000000000110111110011111111111111111111,
00000000000000000000000000000000110111110111111111111111111111,
00000000000000000000000000000000110111111011111111111111111111,
00000000000000000000000000000000110111111111111111111111111111,
00000000000000000000000000000000111000000011111111111111111111,
00000000000000000000000000000000111000000111111111111111111111,
00000000000000000000000000000000111000001011111111111111111111,
00000000000000000000000000000000111000001111111111111111111111,
00000000000000000000000000000000111000010011111111111111111111,
00000000000000000000000000000000111000010111111111111111111111,
00000000000000000000000000000000111000011011111111111111111111,
00000000000000000000000000000000111000011111111111111111111111,
00000000000000000000000000000000111000100011111111111111111111,
00000000000000000000000000000000111000100111111111111111111111,
00000000000000000000000000000000111000101011111111111111111111,
00000000000000000000000000000000111000101111111111111111111111,
00000000000000000000000000000000111000110011111111111111111111,
00000000000000000000000000000000111000110111111111111111111111,
00000000000000000000000000000000111000111011111111111111111111,
00000000000000000000000000000000111000111111111111111111111111,
00000000000000000000000000000000111001000011111111111111111111,
00000000000000000000000000000000111001000111111111111111111111,
00000000000000000000000000000000111001001011111111111111111111,
00000000000000000000000000000000111001001111111111111111111111,
00000000000000000000000000000000111001010011111111111111111111,
00000000000000000000000000000000111001010111111111111111111111,
00000000000000000000000000000000111001011011111111111111111111,
00000000000000000000000000000000111001011111111111111111111111,
00000000000000000000000000000000111001100011111111111111111111,
00000000000000000000000000000000111001100111111111111111111111,
00000000000000000000000000000000111001101011111111111111111111,
00000000000000000000000000000000111001101111111111111111111111,
00000000000000000000000000000000111001110011111111111111111111,
00000000000000000000000000000000111001110111111111111111111111,
00000000000000000000000000000000111001111011111111111111111111,
00000000000000000000000000000000111001111111111111111111111111,
00000000000000000000000000000000111010000011111111111111111111,
00000000000000000000000000000000111010000111111111111111111111,
00000000000000000000000000000000111010001011111111111111111111,
00000000000000000000000000000000111010001111111111111111111111,
00000000000000000000000000000000111010010011111111111111111111,
00000000000000000000000000000000111010010111111111111111111111,
00000000000000000000000000000000111010011011111111111111111111,
00000000000000000000000000000000111010011111111111111111111111,
00000000000000000000000000000000111010100011111111111111111111,
00000000000000000000000000000000111010100111111111111111111111,
00000000000000000000000000000000111010101011111111111111111111,
00000000000000000000000000000000111010101111111111111111111111,
00000000000000000000000000000000111010110011111111111111111111,
00000000000000000000000000000000111010110111111111111111111111,
00000000000000000000000000000000111010111011111111111111111111,
00000000000000000000000000000000111010111111111111111111111111,
00000000000000000000000000000000111011000011111111111111111111,
00000000000000000000000000000000111011000111111111111111111111,
00000000000000000000000000000000111011001011111111111111111111,
00000000000000000000000000000000111011001111111111111111111111,
00000000000000000000000000000000111011010011111111111111111111,
00000000000000000000000000000000111011010111111111111111111111,
00000000000000000000000000000000111011011011111111111111111111,
00000000000000000000000000000000111011011111111111111111111111,
00000000000000000000000000000000111011100011111111111111111111,
00000000000000000000000000000000111011100111111111111111111111,
00000000000000000000000000000000111011101011111111111111111111,
00000000000000000000000000000000111011101111111111111111111111,
00000000000000000000000000000000111011110011111111111111111111,
00000000000000000000000000000000111011110111111111111111111111,
00000000000000000000000000000000111011111011111111111111111111,
00000000000000000000000000000000111011111111111111111111111111,
00000000000000000000000000000000111100000011111111111111111111,
00000000000000000000000000000000111100000111111111111111111111,
00000000000000000000000000000000111100001011111111111111111111,
00000000000000000000000000000000111100001111111111111111111111,
00000000000000000000000000000000111100010011111111111111111111,
00000000000000000000000000000000111100010111111111111111111111,
00000000000000000000000000000000111100011011111111111111111111,
00000000000000000000000000000000111100011111111111111111111111,
00000000000000000000000000000000111100100011111111111111111111,
00000000000000000000000000000000111100100111111111111111111111,
00000000000000000000000000000000111100101011111111111111111111,
00000000000000000000000000000000111100101111111111111111111111,
00000000000000000000000000000000111100110011111111111111111111,
00000000000000000000000000000000111100110111111111111111111111,
00000000000000000000000000000000111100111011111111111111111111,
00000000000000000000000000000000111100111111111111111111111111,
00000000000000000000000000000000111101000011111111111111111111,
00000000000000000000000000000000111101000111111111111111111111,
00000000000000000000000000000000111101001011111111111111111111,
00000000000000000000000000000000111101001111111111111111111111,
00000000000000000000000000000000111101010011111111111111111111,
00000000000000000000000000000000111101010111111111111111111111,
00000000000000000000000000000000111101011011111111111111111111,
00000000000000000000000000000000111101011111111111111111111111,
00000000000000000000000000000000111101100011111111111111111111,
00000000000000000000000000000000111101100111111111111111111111,
00000000000000000000000000000000111101101011111111111111111111,
00000000000000000000000000000000111101101111111111111111111111,
00000000000000000000000000000000111101110011111111111111111111,
00000000000000000000000000000000111101110111111111111111111111,
00000000000000000000000000000000111101111011111111111111111111,
00000000000000000000000000000000111101111111111111111111111111,
00000000000000000000000000000000111110000011111111111111111111,
00000000000000000000000000000000111110000111111111111111111111,
00000000000000000000000000000000111110001011111111111111111111,
00000000000000000000000000000000111110001111111111111111111111,
00000000000000000000000000000000111110010011111111111111111111,
00000000000000000000000000000000111110010111111111111111111111,
00000000000000000000000000000000111110011011111111111111111111,
00000000000000000000000000000000111110011111111111111111111111,
00000000000000000000000000000000111110100011111111111111111111,
00000000000000000000000000000000111110100111111111111111111111,
00000000000000000000000000000000111110101011111111111111111111,
00000000000000000000000000000000111110101111111111111111111111,
00000000000000000000000000000000111110110011111111111111111111,
00000000000000000000000000000000111110110111111111111111111111,
00000000000000000000000000000000111110111011111111111111111111,
00000000000000000000000000000000111110111111111111111111111111,
00000000000000000000000000000000111111000011111111111111111111,
00000000000000000000000000000000111111000111111111111111111111,
00000000000000000000000000000000111111001011111111111111111111,
00000000000000000000000000000000111111001111111111111111111111,
00000000000000000000000000000000111111010011111111111111111111,
00000000000000000000000000000000111111010111111111111111111111,
00000000000000000000000000000000111111011011111111111111111111,
00000000000000000000000000000000111111011111111111111111111111,
00000000000000000000000000000000111111100011111111111111111111,
00000000000000000000000000000000111111100111111111111111111111,
00000000000000000000000000000000111111101011111111111111111111,
00000000000000000000000000000000111111101111111111111111111111,
00000000000000000000000000000000111111110011111111111111111111,
00000000000000000000000000000000111111110111111111111111111111,
00000000000000000000000000000000111111111011111111111111111111,
00000000000000000000000000000000111111111111111111111111111111,
00000000000000000000000000000001000000000011111111111111111111,
00000000000000000000000000000001000000000111111111111111111111,
00000000000000000000000000000001000000001011111111111111111111,
00000000000000000000000000000001000000001111111111111111111111,
00000000000000000000000000000001000000010011111111111111111111,
00000000000000000000000000000001000000010111111111111111111111,
00000000000000000000000000000001000000011011111111111111111111,
00000000000000000000000000000001000000011111111111111111111111,
00000000000000000000000000000001000000100011111111111111111111,
00000000000000000000000000000001000000100111111111111111111111,
00000000000000000000000000000001000000101011111111111111111111,
00000000000000000000000000000001000000101111111111111111111111,
00000000000000000000000000000001000000110011111111111111111111,
00000000000000000000000000000001000000110111111111111111111111,
00000000000000000000000000000001000000111011111111111111111111,
00000000000000000000000000000001000000111111111111111111111111,
00000000000000000000000000000001000001000011111111111111111111,
00000000000000000000000000000001000001000111111111111111111111,
00000000000000000000000000000001000001001011111111111111111111,
00000000000000000000000000000001000001001111111111111111111111,
00000000000000000000000000000001000001010011111111111111111111,
00000000000000000000000000000001000001010111111111111111111111,
00000000000000000000000000000001000001011011111111111111111111,
00000000000000000000000000000001000001011111111111111111111111,
00000000000000000000000000000001000001100011111111111111111111,
00000000000000000000000000000001000001100111111111111111111111,
00000000000000000000000000000001000001101011111111111111111111,
00000000000000000000000000000001000001101111111111111111111111,
00000000000000000000000000000001000001110011111111111111111111,
00000000000000000000000000000001000001110111111111111111111111,
00000000000000000000000000000001000001111011111111111111111111,
00000000000000000000000000000001000001111111111111111111111111,
00000000000000000000000000000001000010000011111111111111111111,
00000000000000000000000000000001000010000111111111111111111111,
00000000000000000000000000000001000010001011111111111111111111,
00000000000000000000000000000001000010001111111111111111111111,
00000000000000000000000000000001000010010011111111111111111111,
00000000000000000000000000000001000010010111111111111111111111,
00000000000000000000000000000001000010011011111111111111111111,
00000000000000000000000000000001000010011111111111111111111111,
00000000000000000000000000000001000010100011111111111111111111,
00000000000000000000000000000001000010100111111111111111111111,
00000000000000000000000000000001000010101011111111111111111111,
00000000000000000000000000000001000010101111111111111111111111,
00000000000000000000000000000001000010110011111111111111111111,
00000000000000000000000000000001000010110111111111111111111111,
00000000000000000000000000000001000010111011111111111111111111,
00000000000000000000000000000001000010111111111111111111111111,
00000000000000000000000000000001000011000011111111111111111111,
00000000000000000000000000000001000011000111111111111111111111,
00000000000000000000000000000001000011001011111111111111111111,
00000000000000000000000000000001000011001111111111111111111111,
00000000000000000000000000000001000011010011111111111111111111,
00000000000000000000000000000001000011010111111111111111111111,
00000000000000000000000000000001000011011011111111111111111111,
00000000000000000000000000000001000011011111111111111111111111,
00000000000000000000000000000001000011100011111111111111111111,
00000000000000000000000000000001000011100111111111111111111111,
00000000000000000000000000000001000011101011111111111111111111,
00000000000000000000000000000001000011101111111111111111111111,
00000000000000000000000000000001000011110011111111111111111111,
00000000000000000000000000000001000011110111111111111111111111,
00000000000000000000000000000001000011111011111111111111111111,
00000000000000000000000000000001000011111111111111111111111111,
00000000000000000000000000000001000100000011111111111111111111,
00000000000000000000000000000001000100000111111111111111111111,
00000000000000000000000000000001000100001011111111111111111111,
00000000000000000000000000000001000100001111111111111111111111,
00000000000000000000000000000001000100010011111111111111111111,
00000000000000000000000000000001000100010111111111111111111111,
00000000000000000000000000000001000100011011111111111111111111,
00000000000000000000000000000001000100011111111111111111111111,
00000000000000000000000000000001000100100011111111111111111111,
00000000000000000000000000000001000100100111111111111111111111,
00000000000000000000000000000001000100101011111111111111111111,
00000000000000000000000000000001000100101111111111111111111111,
00000000000000000000000000000001000100110011111111111111111111,
00000000000000000000000000000001000100110111111111111111111111,
00000000000000000000000000000001000100111011111111111111111111,
00000000000000000000000000000001000100111111111111111111111111,
00000000000000000000000000000001000101000011111111111111111111,
00000000000000000000000000000001000101000111111111111111111111,
00000000000000000000000000000001000101001011111111111111111111,
00000000000000000000000000000001000101001111111111111111111111,
00000000000000000000000000000001000101010011111111111111111111,
00000000000000000000000000000001000101010111111111111111111111,
00000000000000000000000000000001000101011011111111111111111111,
00000000000000000000000000000001000101011111111111111111111111,
00000000000000000000000000000001000101100011111111111111111111,
00000000000000000000000000000001000101100111111111111111111111,
00000000000000000000000000000001000101101011111111111111111111,
00000000000000000000000000000001000101101111111111111111111111,
00000000000000000000000000000001000101110011111111111111111111,
00000000000000000000000000000001000101110111111111111111111111,
00000000000000000000000000000001000101111011111111111111111111,
00000000000000000000000000000001000101111111111111111111111111,
00000000000000000000000000000001000110000011111111111111111111,
00000000000000000000000000000001000110000111111111111111111111,
00000000000000000000000000000001000110001011111111111111111111,
00000000000000000000000000000001000110001111111111111111111111,
00000000000000000000000000000001000110010011111111111111111111,
00000000000000000000000000000001000110010111111111111111111111,
00000000000000000000000000000001000110011011111111111111111111,
00000000000000000000000000000001000110011111111111111111111111,
00000000000000000000000000000001000110100011111111111111111111,
00000000000000000000000000000001000110100111111111111111111111,
00000000000000000000000000000001000110101011111111111111111111,
00000000000000000000000000000001000110101111111111111111111111,
00000000000000000000000000000001000110110011111111111111111111,
00000000000000000000000000000001000110110111111111111111111111,
00000000000000000000000000000001000110111011111111111111111111,
00000000000000000000000000000001000110111111111111111111111111,
00000000000000000000000000000001000111000011111111111111111111,
00000000000000000000000000000001000111000111111111111111111111,
00000000000000000000000000000001000111001011111111111111111111,
00000000000000000000000000000001000111001111111111111111111111,
00000000000000000000000000000001000111010011111111111111111111,
00000000000000000000000000000001000111010111111111111111111111,
00000000000000000000000000000001000111011011111111111111111111,
00000000000000000000000000000001000111011111111111111111111111,
00000000000000000000000000000001000111100011111111111111111111,
00000000000000000000000000000001000111100111111111111111111111,
00000000000000000000000000000001000111101011111111111111111111,
00000000000000000000000000000001000111101111111111111111111111,
00000000000000000000000000000001000111110011111111111111111111,
00000000000000000000000000000001000111110111111111111111111111,
00000000000000000000000000000001000111111011111111111111111111,
00000000000000000000000000000001000111111111111111111111111111,
00000000000000000000000000000001001000000011111111111111111111,
00000000000000000000000000000001001000000111111111111111111111,
00000000000000000000000000000001001000001011111111111111111111,
00000000000000000000000000000001001000001111111111111111111111,
00000000000000000000000000000001001000010011111111111111111111,
00000000000000000000000000000001001000010111111111111111111111,
00000000000000000000000000000001001000011011111111111111111111,
00000000000000000000000000000001001000011111111111111111111111,
00000000000000000000000000000001001000100011111111111111111111,
00000000000000000000000000000001001000100111111111111111111111,
00000000000000000000000000000001001000101011111111111111111111,
00000000000000000000000000000001001000101111111111111111111111,
00000000000000000000000000000001001000110011111111111111111111,
00000000000000000000000000000001001000110111111111111111111111,
00000000000000000000000000000001001000111011111111111111111111,
00000000000000000000000000000001001000111111111111111111111111,
00000000000000000000000000000001001001000011111111111111111111,
00000000000000000000000000000001001001000111111111111111111111,
00000000000000000000000000000001001001001011111111111111111111,
00000000000000000000000000000001001001001111111111111111111111,
00000000000000000000000000000001001001010011111111111111111111,
00000000000000000000000000000001001001010111111111111111111111,
00000000000000000000000000000001001001011011111111111111111111,
00000000000000000000000000000001001001011111111111111111111111,
00000000000000000000000000000001001001100011111111111111111111,
00000000000000000000000000000001001001100111111111111111111111,
00000000000000000000000000000001001001101011111111111111111111,
00000000000000000000000000000001001001101111111111111111111111,
00000000000000000000000000000001001001110011111111111111111111,
00000000000000000000000000000001001001110111111111111111111111,
00000000000000000000000000000001001001111011111111111111111111,
00000000000000000000000000000001001001111111111111111111111111,
00000000000000000000000000000001001010000011111111111111111111,
00000000000000000000000000000001001010000111111111111111111111,
00000000000000000000000000000001001010001011111111111111111111,
00000000000000000000000000000001001010001111111111111111111111,
00000000000000000000000000000001001010010011111111111111111111,
00000000000000000000000000000001001010010111111111111111111111,
00000000000000000000000000000001001010011011111111111111111111,
00000000000000000000000000000001001010011111111111111111111111,
00000000000000000000000000000001001010100011111111111111111111,
00000000000000000000000000000001001010100111111111111111111111,
00000000000000000000000000000001001010101011111111111111111111,
00000000000000000000000000000001001010101111111111111111111111,
00000000000000000000000000000001001010110011111111111111111111,
00000000000000000000000000000001001010110111111111111111111111,
00000000000000000000000000000001001010111011111111111111111111,
00000000000000000000000000000001001010111111111111111111111111,
00000000000000000000000000000001001011000011111111111111111111,
00000000000000000000000000000001001011000111111111111111111111,
00000000000000000000000000000001001011001011111111111111111111,
00000000000000000000000000000001001011001111111111111111111111,
00000000000000000000000000000001001011010011111111111111111111,
00000000000000000000000000000001001011010111111111111111111111,
00000000000000000000000000000001001011011011111111111111111111,
00000000000000000000000000000001001011011111111111111111111111,
00000000000000000000000000000001001011100011111111111111111111,
00000000000000000000000000000001001011100111111111111111111111,
00000000000000000000000000000001001011101011111111111111111111,
00000000000000000000000000000001001011101111111111111111111111,
00000000000000000000000000000001001011110011111111111111111111,
00000000000000000000000000000001001011110111111111111111111111,
00000000000000000000000000000001001011111011111111111111111111,
00000000000000000000000000000001001011111111111111111111111111,
00000000000000000000000000000001001100000011111111111111111111,
00000000000000000000000000000001001100000111111111111111111111,
00000000000000000000000000000001001100001011111111111111111111,
00000000000000000000000000000001001100001111111111111111111111,
00000000000000000000000000000001001100010011111111111111111111,
00000000000000000000000000000001001100010111111111111111111111,
00000000000000000000000000000001001100011011111111111111111111,
00000000000000000000000000000001001100011111111111111111111111,
00000000000000000000000000000001001100100011111111111111111111,
00000000000000000000000000000001001100100111111111111111111111,
00000000000000000000000000000001001100101011111111111111111111,
00000000000000000000000000000001001100101111111111111111111111,
00000000000000000000000000000001001100110011111111111111111111,
00000000000000000000000000000001001100110111111111111111111111,
00000000000000000000000000000001001100111011111111111111111111,
00000000000000000000000000000001001100111111111111111111111111,
00000000000000000000000000000001001101000011111111111111111111,
00000000000000000000000000000001001101000111111111111111111111,
00000000000000000000000000000001001101001011111111111111111111,
00000000000000000000000000000001001101001111111111111111111111,
00000000000000000000000000000001001101010011111111111111111111,
00000000000000000000000000000001001101010111111111111111111111,
00000000000000000000000000000001001101011011111111111111111111,
00000000000000000000000000000001001101011111111111111111111111,
00000000000000000000000000000001001101100011111111111111111111,
00000000000000000000000000000001001101100111111111111111111111,
00000000000000000000000000000001001101101011111111111111111111,
00000000000000000000000000000001001101101111111111111111111111,
00000000000000000000000000000001001101110011111111111111111111,
00000000000000000000000000000001001101110111111111111111111111,
00000000000000000000000000000001001101111011111111111111111111,
00000000000000000000000000000001001101111111111111111111111111,
00000000000000000000000000000001001110000011111111111111111111,
00000000000000000000000000000001001110000111111111111111111111,
00000000000000000000000000000001001110001011111111111111111111,
00000000000000000000000000000001001110001111111111111111111111,
00000000000000000000000000000001001110010011111111111111111111,
00000000000000000000000000000001001110010111111111111111111111,
00000000000000000000000000000001001110011011111111111111111111,
00000000000000000000000000000001001110011111111111111111111111,
00000000000000000000000000000001001110100011111111111111111111,
00000000000000000000000000000001001110100111111111111111111111,
00000000000000000000000000000001001110101011111111111111111111,
00000000000000000000000000000001001110101111111111111111111111,
00000000000000000000000000000001001110110011111111111111111111,
00000000000000000000000000000001001110110111111111111111111111,
00000000000000000000000000000001001110111011111111111111111111,
00000000000000000000000000000001001110111111111111111111111111,
00000000000000000000000000000001001111000011111111111111111111,
00000000000000000000000000000001001111000111111111111111111111,
00000000000000000000000000000001001111001011111111111111111111,
00000000000000000000000000000001001111001111111111111111111111,
00000000000000000000000000000001001111010011111111111111111111,
00000000000000000000000000000001001111010111111111111111111111,
00000000000000000000000000000001001111011011111111111111111111,
00000000000000000000000000000001001111011111111111111111111111,
00000000000000000000000000000001001111100011111111111111111111,
00000000000000000000000000000001001111100111111111111111111111,
00000000000000000000000000000001001111101011111111111111111111,
00000000000000000000000000000001001111101111111111111111111111,
00000000000000000000000000000001001111110011111111111111111111,
00000000000000000000000000000001001111110111111111111111111111,
00000000000000000000000000000001001111111011111111111111111111,
00000000000000000000000000000001001111111111111111111111111111,
00000000000000000000000000000001010000000011111111111111111111,
00000000000000000000000000000001010000000111111111111111111111,
00000000000000000000000000000001010000001011111111111111111111,
00000000000000000000000000000001010000001111111111111111111111,
00000000000000000000000000000001010000010011111111111111111111,
00000000000000000000000000000001010000010111111111111111111111,
00000000000000000000000000000001010000011011111111111111111111,
00000000000000000000000000000001010000011111111111111111111111,
00000000000000000000000000000001010000100011111111111111111111,
00000000000000000000000000000001010000100111111111111111111111,
00000000000000000000000000000001010000101011111111111111111111,
00000000000000000000000000000001010000101111111111111111111111,
00000000000000000000000000000001010000110011111111111111111111,
00000000000000000000000000000001010000110111111111111111111111,
00000000000000000000000000000001010000111011111111111111111111,
00000000000000000000000000000001010000111111111111111111111111,
00000000000000000000000000000001010001000011111111111111111111,
00000000000000000000000000000001010001000111111111111111111111,
00000000000000000000000000000001010001001011111111111111111111,
00000000000000000000000000000001010001001111111111111111111111,
00000000000000000000000000000001010001010011111111111111111111,
00000000000000000000000000000001010001010111111111111111111111,
00000000000000000000000000000001010001011011111111111111111111,
00000000000000000000000000000001010001011111111111111111111111,
00000000000000000000000000000001010001100011111111111111111111,
00000000000000000000000000000001010001100111111111111111111111,
00000000000000000000000000000001010001101011111111111111111111,
00000000000000000000000000000001010001101111111111111111111111,
00000000000000000000000000000001010001110011111111111111111111,
00000000000000000000000000000001010001110111111111111111111111,
00000000000000000000000000000001010001111011111111111111111111,
00000000000000000000000000000001010001111111111111111111111111,
00000000000000000000000000000001010010000011111111111111111111,
00000000000000000000000000000001010010000111111111111111111111,
00000000000000000000000000000001010010001011111111111111111111,
00000000000000000000000000000001010010001111111111111111111111,
00000000000000000000000000000001010010010011111111111111111111,
00000000000000000000000000000001010010010111111111111111111111,
00000000000000000000000000000001010010011011111111111111111111,
00000000000000000000000000000001010010011111111111111111111111,
00000000000000000000000000000001010010100011111111111111111111,
00000000000000000000000000000001010010100111111111111111111111,
00000000000000000000000000000001010010101011111111111111111111,
00000000000000000000000000000001010010101111111111111111111111,
00000000000000000000000000000001010010110011111111111111111111,
00000000000000000000000000000001010010110111111111111111111111,
00000000000000000000000000000001010010111011111111111111111111,
00000000000000000000000000000001010010111111111111111111111111,
00000000000000000000000000000001010011000011111111111111111111,
00000000000000000000000000000001010011000111111111111111111111,
00000000000000000000000000000001010011001011111111111111111111,
00000000000000000000000000000001010011001111111111111111111111,
00000000000000000000000000000001010011010011111111111111111111,
00000000000000000000000000000001010011010111111111111111111111,
00000000000000000000000000000001010011011011111111111111111111,
00000000000000000000000000000001010011011111111111111111111111,
00000000000000000000000000000001010011100011111111111111111111,
00000000000000000000000000000001010011100111111111111111111111,
00000000000000000000000000000001010011101011111111111111111111,
00000000000000000000000000000001010011101111111111111111111111,
00000000000000000000000000000001010011110011111111111111111111,
00000000000000000000000000000001010011110111111111111111111111,
00000000000000000000000000000001010011111011111111111111111111,
00000000000000000000000000000001010011111111111111111111111111,
00000000000000000000000000000001010100000011111111111111111111,
00000000000000000000000000000001010100000111111111111111111111,
00000000000000000000000000000001010100001011111111111111111111,
00000000000000000000000000000001010100001111111111111111111111,
00000000000000000000000000000001010100010011111111111111111111,
00000000000000000000000000000001010100010111111111111111111111,
00000000000000000000000000000001010100011011111111111111111111,
00000000000000000000000000000001010100011111111111111111111111,
00000000000000000000000000000001010100100011111111111111111111,
00000000000000000000000000000001010100100111111111111111111111,
00000000000000000000000000000001010100101011111111111111111111,
00000000000000000000000000000001010100101111111111111111111111,
00000000000000000000000000000001010100110011111111111111111111,
00000000000000000000000000000001010100110111111111111111111111,
00000000000000000000000000000001010100111011111111111111111111,
00000000000000000000000000000001010100111111111111111111111111,
00000000000000000000000000000001010101000011111111111111111111,
00000000000000000000000000000001010101000111111111111111111111,
00000000000000000000000000000001010101001011111111111111111111,
00000000000000000000000000000001010101001111111111111111111111,
00000000000000000000000000000001010101010011111111111111111111,
00000000000000000000000000000001010101010111111111111111111111,
00000000000000000000000000000001010101011011111111111111111111,
00000000000000000000000000000001010101011111111111111111111111,
00000000000000000000000000000001010101100011111111111111111111,
00000000000000000000000000000001010101100111111111111111111111,
00000000000000000000000000000001010101101011111111111111111111,
00000000000000000000000000000001010101101111111111111111111111,
00000000000000000000000000000001010101110011111111111111111111,
00000000000000000000000000000001010101110111111111111111111111,
00000000000000000000000000000001010101111011111111111111111111,
00000000000000000000000000000001010101111111111111111111111111,
00000000000000000000000000000001010110000011111111111111111111,
00000000000000000000000000000001010110000111111111111111111111,
00000000000000000000000000000001010110001011111111111111111111,
00000000000000000000000000000001010110001111111111111111111111,
00000000000000000000000000000001010110010011111111111111111111,
00000000000000000000000000000001010110010111111111111111111111,
00000000000000000000000000000001010110011011111111111111111111,
00000000000000000000000000000001010110011111111111111111111111,
00000000000000000000000000000001010110100011111111111111111111,
00000000000000000000000000000001010110100111111111111111111111,
00000000000000000000000000000001010110101011111111111111111111,
00000000000000000000000000000001010110101111111111111111111111,
00000000000000000000000000000001010110110011111111111111111111,
00000000000000000000000000000001010110110111111111111111111111,
00000000000000000000000000000001010110111011111111111111111111,
00000000000000000000000000000001010110111111111111111111111111,
00000000000000000000000000000001010111000011111111111111111111,
00000000000000000000000000000001010111000111111111111111111111,
00000000000000000000000000000001010111001011111111111111111111,
00000000000000000000000000000001010111001111111111111111111111,
00000000000000000000000000000001010111010011111111111111111111,
00000000000000000000000000000001010111010111111111111111111111,
00000000000000000000000000000001010111011011111111111111111111,
00000000000000000000000000000001010111011111111111111111111111,
00000000000000000000000000000001010111100011111111111111111111,
00000000000000000000000000000001010111100111111111111111111111,
00000000000000000000000000000001010111101011111111111111111111,
00000000000000000000000000000001010111101111111111111111111111,
00000000000000000000000000000001010111110011111111111111111111,
00000000000000000000000000000001010111110111111111111111111111,
00000000000000000000000000000001010111111011111111111111111111,
00000000000000000000000000000001010111111111111111111111111111,
00000000000000000000000000000001011000000011111111111111111111,
00000000000000000000000000000001011000000111111111111111111111,
00000000000000000000000000000001011000001011111111111111111111,
00000000000000000000000000000001011000001111111111111111111111,
00000000000000000000000000000001011000010011111111111111111111,
00000000000000000000000000000001011000010111111111111111111111,
00000000000000000000000000000001011000011011111111111111111111,
00000000000000000000000000000001011000011111111111111111111111,
00000000000000000000000000000001011000100011111111111111111111,
00000000000000000000000000000001011000100111111111111111111111,
00000000000000000000000000000001011000101011111111111111111111,
00000000000000000000000000000001011000101111111111111111111111,
00000000000000000000000000000001011000110011111111111111111111,
00000000000000000000000000000001011000110111111111111111111111,
00000000000000000000000000000001011000111011111111111111111111,
00000000000000000000000000000001011000111111111111111111111111,
00000000000000000000000000000001011001000011111111111111111111,
00000000000000000000000000000001011001000111111111111111111111,
00000000000000000000000000000001011001001011111111111111111111,
00000000000000000000000000000001011001001111111111111111111111,
00000000000000000000000000000001011001010011111111111111111111,
00000000000000000000000000000001011001010111111111111111111111,
00000000000000000000000000000001011001011011111111111111111111,
00000000000000000000000000000001011001011111111111111111111111,
00000000000000000000000000000001011001100011111111111111111111,
00000000000000000000000000000001011001100111111111111111111111,
00000000000000000000000000000001011001101011111111111111111111,
00000000000000000000000000000001011001101111111111111111111111,
00000000000000000000000000000001011001110011111111111111111111,
00000000000000000000000000000001011001110111111111111111111111,
00000000000000000000000000000001011001111011111111111111111111,
00000000000000000000000000000001011001111111111111111111111111,
00000000000000000000000000000001011010000011111111111111111111,
00000000000000000000000000000001011010000111111111111111111111,
00000000000000000000000000000001011010001011111111111111111111,
00000000000000000000000000000001011010001111111111111111111111,
00000000000000000000000000000001011010010011111111111111111111,
00000000000000000000000000000001011010010111111111111111111111,
00000000000000000000000000000001011010011011111111111111111111,
00000000000000000000000000000001011010011111111111111111111111,
00000000000000000000000000000001011010100011111111111111111111,
00000000000000000000000000000001011010100111111111111111111111,
00000000000000000000000000000001011010101011111111111111111111,
00000000000000000000000000000001011010101111111111111111111111,
00000000000000000000000000000001011010110011111111111111111111,
00000000000000000000000000000001011010110111111111111111111111,
00000000000000000000000000000001011010111011111111111111111111,
00000000000000000000000000000001011010111111111111111111111111,
00000000000000000000000000000001011011000011111111111111111111,
00000000000000000000000000000001011011000111111111111111111111,
00000000000000000000000000000001011011001011111111111111111111,
00000000000000000000000000000001011011001111111111111111111111,
00000000000000000000000000000001011011010011111111111111111111,
00000000000000000000000000000001011011010111111111111111111111,
00000000000000000000000000000001011011011011111111111111111111,
00000000000000000000000000000001011011011111111111111111111111,
00000000000000000000000000000001011011100011111111111111111111,
00000000000000000000000000000001011011100111111111111111111111,
00000000000000000000000000000001011011101011111111111111111111,
00000000000000000000000000000001011011101111111111111111111111,
00000000000000000000000000000001011011110011111111111111111111,
00000000000000000000000000000001011011110111111111111111111111,
00000000000000000000000000000001011011111011111111111111111111,
00000000000000000000000000000001011011111111111111111111111111,
00000000000000000000000000000001011100000011111111111111111111,
00000000000000000000000000000001011100000111111111111111111111,
00000000000000000000000000000001011100001011111111111111111111,
00000000000000000000000000000001011100001111111111111111111111,
00000000000000000000000000000001011100010011111111111111111111,
00000000000000000000000000000001011100010111111111111111111111,
00000000000000000000000000000001011100011011111111111111111111,
00000000000000000000000000000001011100011111111111111111111111,
00000000000000000000000000000001011100100011111111111111111111,
00000000000000000000000000000001011100100111111111111111111111,
00000000000000000000000000000001011100101011111111111111111111,
00000000000000000000000000000001011100101111111111111111111111,
00000000000000000000000000000001011100110011111111111111111111,
00000000000000000000000000000001011100110111111111111111111111,
00000000000000000000000000000001011100111011111111111111111111,
00000000000000000000000000000001011100111111111111111111111111,
00000000000000000000000000000001011101000011111111111111111111,
00000000000000000000000000000001011101000111111111111111111111,
00000000000000000000000000000001011101001011111111111111111111,
00000000000000000000000000000001011101001111111111111111111111,
00000000000000000000000000000001011101010011111111111111111111,
00000000000000000000000000000001011101010111111111111111111111,
00000000000000000000000000000001011101011011111111111111111111,
00000000000000000000000000000001011101011111111111111111111111,
00000000000000000000000000000001011101100011111111111111111111,
00000000000000000000000000000001011101100111111111111111111111,
00000000000000000000000000000001011101101011111111111111111111,
00000000000000000000000000000001011101101111111111111111111111,
00000000000000000000000000000001011101110011111111111111111111,
00000000000000000000000000000001011101110111111111111111111111,
00000000000000000000000000000001011101111011111111111111111111,
00000000000000000000000000000001011101111111111111111111111111,
00000000000000000000000000000001011110000011111111111111111111,
00000000000000000000000000000001011110000111111111111111111111,
00000000000000000000000000000001011110001011111111111111111111,
00000000000000000000000000000001011110001111111111111111111111,
00000000000000000000000000000001011110010011111111111111111111,
00000000000000000000000000000001011110010111111111111111111111,
00000000000000000000000000000001011110011011111111111111111111,
00000000000000000000000000000001011110011111111111111111111111,
00000000000000000000000000000001011110100011111111111111111111,
00000000000000000000000000000001011110100111111111111111111111,
00000000000000000000000000000001011110101011111111111111111111,
00000000000000000000000000000001011110101111111111111111111111,
00000000000000000000000000000001011110110011111111111111111111,
00000000000000000000000000000001011110110111111111111111111111,
00000000000000000000000000000001011110111011111111111111111111,
00000000000000000000000000000001011110111111111111111111111111,
00000000000000000000000000000001011111000011111111111111111111,
00000000000000000000000000000001011111000111111111111111111111,
00000000000000000000000000000001011111001011111111111111111111,
00000000000000000000000000000001011111001111111111111111111111,
00000000000000000000000000000001011111010011111111111111111111,
00000000000000000000000000000001011111010111111111111111111111,
00000000000000000000000000000001011111011011111111111111111111,
00000000000000000000000000000001011111011111111111111111111111,
00000000000000000000000000000001011111100011111111111111111111,
00000000000000000000000000000001011111100111111111111111111111,
00000000000000000000000000000001011111101011111111111111111111,
00000000000000000000000000000001011111101111111111111111111111,
00000000000000000000000000000001011111110011111111111111111111,
00000000000000000000000000000001011111110111111111111111111111,
00000000000000000000000000000001011111111011111111111111111111,
00000000000000000000000000000001011111111111111111111111111111,
00000000000000000000000000000001100000000011111111111111111111,
00000000000000000000000000000001100000000111111111111111111111,
00000000000000000000000000000001100000001011111111111111111111,
00000000000000000000000000000001100000001111111111111111111111,
00000000000000000000000000000001100000010011111111111111111111,
00000000000000000000000000000001100000010111111111111111111111,
00000000000000000000000000000001100000011011111111111111111111,
00000000000000000000000000000001100000011111111111111111111111,
00000000000000000000000000000001100000100011111111111111111111,
00000000000000000000000000000001100000100111111111111111111111,
00000000000000000000000000000001100000101011111111111111111111,
00000000000000000000000000000001100000101111111111111111111111,
00000000000000000000000000000001100000110011111111111111111111,
00000000000000000000000000000001100000110111111111111111111111,
00000000000000000000000000000001100000111011111111111111111111,
00000000000000000000000000000001100000111111111111111111111111,
00000000000000000000000000000001100001000011111111111111111111,
00000000000000000000000000000001100001000111111111111111111111,
00000000000000000000000000000001100001001011111111111111111111,
00000000000000000000000000000001100001001111111111111111111111,
00000000000000000000000000000001100001010011111111111111111111,
00000000000000000000000000000001100001010111111111111111111111,
00000000000000000000000000000001100001011011111111111111111111,
00000000000000000000000000000001100001011111111111111111111111,
00000000000000000000000000000001100001100011111111111111111111,
00000000000000000000000000000001100001100111111111111111111111,
00000000000000000000000000000001100001101011111111111111111111,
00000000000000000000000000000001100001101111111111111111111111,
00000000000000000000000000000001100001110011111111111111111111,
00000000000000000000000000000001100001110111111111111111111111,
00000000000000000000000000000001100001111011111111111111111111,
00000000000000000000000000000001100001111111111111111111111111,
00000000000000000000000000000001100010000011111111111111111111,
00000000000000000000000000000001100010000111111111111111111111,
00000000000000000000000000000001100010001011111111111111111111,
00000000000000000000000000000001100010001111111111111111111111,
00000000000000000000000000000001100010010011111111111111111111,
00000000000000000000000000000001100010010111111111111111111111,
00000000000000000000000000000001100010011011111111111111111111,
00000000000000000000000000000001100010011111111111111111111111,
00000000000000000000000000000001100010100011111111111111111111,
00000000000000000000000000000001100010100111111111111111111111,
00000000000000000000000000000001100010101011111111111111111111,
00000000000000000000000000000001100010101111111111111111111111,
00000000000000000000000000000001100010110011111111111111111111,
00000000000000000000000000000001100010110111111111111111111111,
00000000000000000000000000000001100010111011111111111111111111,
00000000000000000000000000000001100010111111111111111111111111,
00000000000000000000000000000001100011000011111111111111111111,
00000000000000000000000000000001100011000111111111111111111111,
00000000000000000000000000000001100011001011111111111111111111,
00000000000000000000000000000001100011001111111111111111111111,
00000000000000000000000000000001100011010011111111111111111111,
00000000000000000000000000000001100011010111111111111111111111,
00000000000000000000000000000001100011011011111111111111111111,
00000000000000000000000000000001100011011111111111111111111111,
00000000000000000000000000000001100011100011111111111111111111,
00000000000000000000000000000001100011100111111111111111111111,
00000000000000000000000000000001100011101011111111111111111111,
00000000000000000000000000000001100011101111111111111111111111,
00000000000000000000000000000001100011110011111111111111111111,
00000000000000000000000000000001100011110111111111111111111111,
00000000000000000000000000000001100011111011111111111111111111,
00000000000000000000000000000001100011111111111111111111111111,
00000000000000000000000000000001100100000011111111111111111111,
00000000000000000000000000000001100100000111111111111111111111,
00000000000000000000000000000001100100001011111111111111111111,
00000000000000000000000000000001100100001111111111111111111111,
00000000000000000000000000000001100100010011111111111111111111,
00000000000000000000000000000001100100010111111111111111111111,
00000000000000000000000000000001100100011011111111111111111111,
00000000000000000000000000000001100100011111111111111111111111,
00000000000000000000000000000001100100100011111111111111111111,
00000000000000000000000000000001100100100111111111111111111111,
00000000000000000000000000000001100100101011111111111111111111,
00000000000000000000000000000001100100101111111111111111111111,
00000000000000000000000000000001100100110011111111111111111111,
00000000000000000000000000000001100100110111111111111111111111,
00000000000000000000000000000001100100111011111111111111111111,
00000000000000000000000000000001100100111111111111111111111111,
00000000000000000000000000000001100101000011111111111111111111,
00000000000000000000000000000001100101000111111111111111111111,
00000000000000000000000000000001100101001011111111111111111111,
00000000000000000000000000000001100101001111111111111111111111,
00000000000000000000000000000001100101010011111111111111111111,
00000000000000000000000000000001100101010111111111111111111111,
00000000000000000000000000000001100101011011111111111111111111,
00000000000000000000000000000001100101011111111111111111111111,
00000000000000000000000000000001100101100011111111111111111111,
00000000000000000000000000000001100101100111111111111111111111,
00000000000000000000000000000001100101101011111111111111111111,
00000000000000000000000000000001100101101111111111111111111111,
00000000000000000000000000000001100101110011111111111111111111,
00000000000000000000000000000001100101110111111111111111111111,
00000000000000000000000000000001100101111011111111111111111111,
00000000000000000000000000000001100101111111111111111111111111,
00000000000000000000000000000001100110000011111111111111111111,
00000000000000000000000000000001100110000111111111111111111111,
00000000000000000000000000000001100110001011111111111111111111,
00000000000000000000000000000001100110001111111111111111111111,
00000000000000000000000000000001100110010011111111111111111111,
00000000000000000000000000000001100110010111111111111111111111,
00000000000000000000000000000001100110011011111111111111111111,
00000000000000000000000000000001100110011111111111111111111111,
00000000000000000000000000000001100110100011111111111111111111,
00000000000000000000000000000001100110100111111111111111111111,
00000000000000000000000000000001100110101011111111111111111111,
00000000000000000000000000000001100110101111111111111111111111,
00000000000000000000000000000001100110110011111111111111111111,
00000000000000000000000000000001100110110111111111111111111111,
00000000000000000000000000000001100110111011111111111111111111,
00000000000000000000000000000001100110111111111111111111111111,
00000000000000000000000000000001100111000011111111111111111111,
00000000000000000000000000000001100111000111111111111111111111,
00000000000000000000000000000001100111001011111111111111111111,
00000000000000000000000000000001100111001111111111111111111111,
00000000000000000000000000000001100111010011111111111111111111,
00000000000000000000000000000001100111010111111111111111111111,
00000000000000000000000000000001100111011011111111111111111111,
00000000000000000000000000000001100111011111111111111111111111,
00000000000000000000000000000001100111100011111111111111111111,
00000000000000000000000000000001100111100111111111111111111111,
00000000000000000000000000000001100111101011111111111111111111,
00000000000000000000000000000001100111101111111111111111111111,
00000000000000000000000000000001100111110011111111111111111111,
00000000000000000000000000000001100111110111111111111111111111,
00000000000000000000000000000001100111111011111111111111111111,
00000000000000000000000000000001100111111111111111111111111111,
00000000000000000000000000000001101000000011111111111111111111,
00000000000000000000000000000001101000000111111111111111111111,
00000000000000000000000000000001101000001011111111111111111111,
00000000000000000000000000000001101000001111111111111111111111,
00000000000000000000000000000001101000010011111111111111111111,
00000000000000000000000000000001101000010111111111111111111111,
00000000000000000000000000000001101000011011111111111111111111,
00000000000000000000000000000001101000011111111111111111111111,
00000000000000000000000000000001101000100011111111111111111111,
00000000000000000000000000000001101000100111111111111111111111,
00000000000000000000000000000001101000101011111111111111111111,
00000000000000000000000000000001101000101111111111111111111111,
00000000000000000000000000000001101000110011111111111111111111,
00000000000000000000000000000001101000110111111111111111111111,
00000000000000000000000000000001101000111011111111111111111111,
00000000000000000000000000000001101000111111111111111111111111,
00000000000000000000000000000001101001000011111111111111111111,
00000000000000000000000000000001101001000111111111111111111111,
00000000000000000000000000000001101001001011111111111111111111,
00000000000000000000000000000001101001001111111111111111111111,
00000000000000000000000000000001101001010011111111111111111111,
00000000000000000000000000000001101001010111111111111111111111,
00000000000000000000000000000001101001011011111111111111111111,
00000000000000000000000000000001101001011111111111111111111111,
00000000000000000000000000000001101001100011111111111111111111,
00000000000000000000000000000001101001100111111111111111111111,
00000000000000000000000000000001101001101011111111111111111111,
00000000000000000000000000000001101001101111111111111111111111,
00000000000000000000000000000001101001110011111111111111111111,
00000000000000000000000000000001101001110111111111111111111111,
00000000000000000000000000000001101001111011111111111111111111,
00000000000000000000000000000001101001111111111111111111111111,
00000000000000000000000000000001101010000011111111111111111111,
00000000000000000000000000000001101010000111111111111111111111,
00000000000000000000000000000001101010001011111111111111111111,
00000000000000000000000000000001101010001111111111111111111111,
00000000000000000000000000000001101010010011111111111111111111,
00000000000000000000000000000001101010010111111111111111111111,
00000000000000000000000000000001101010011011111111111111111111,
00000000000000000000000000000001101010011111111111111111111111,
00000000000000000000000000000001101010100011111111111111111111,
00000000000000000000000000000001101010100111111111111111111111,
00000000000000000000000000000001101010101011111111111111111111,
00000000000000000000000000000001101010101111111111111111111111,
00000000000000000000000000000001101010110011111111111111111111,
00000000000000000000000000000001101010110111111111111111111111,
00000000000000000000000000000001101010111011111111111111111111,
00000000000000000000000000000001101010111111111111111111111111,
00000000000000000000000000000001101011000011111111111111111111,
00000000000000000000000000000001101011000111111111111111111111,
00000000000000000000000000000001101011001011111111111111111111,
00000000000000000000000000000001101011001111111111111111111111,
00000000000000000000000000000001101011010011111111111111111111,
00000000000000000000000000000001101011010111111111111111111111,
00000000000000000000000000000001101011011011111111111111111111,
00000000000000000000000000000001101011011111111111111111111111,
00000000000000000000000000000001101011100011111111111111111111,
00000000000000000000000000000001101011100111111111111111111111,
00000000000000000000000000000001101011101011111111111111111111,
00000000000000000000000000000001101011101111111111111111111111,
00000000000000000000000000000001101011110011111111111111111111,
00000000000000000000000000000001101011110111111111111111111111,
00000000000000000000000000000001101011111011111111111111111111,
00000000000000000000000000000001101011111111111111111111111111,
00000000000000000000000000000001101100000011111111111111111111,
00000000000000000000000000000001101100000111111111111111111111,
00000000000000000000000000000001101100001011111111111111111111,
00000000000000000000000000000001101100001111111111111111111111,
00000000000000000000000000000001101100010011111111111111111111,
00000000000000000000000000000001101100010111111111111111111111,
00000000000000000000000000000001101100011011111111111111111111,
00000000000000000000000000000001101100011111111111111111111111,
00000000000000000000000000000001101100100011111111111111111111,
00000000000000000000000000000001101100100111111111111111111111,
00000000000000000000000000000001101100101011111111111111111111,
00000000000000000000000000000001101100101111111111111111111111,
00000000000000000000000000000001101100110011111111111111111111,
00000000000000000000000000000001101100110111111111111111111111,
00000000000000000000000000000001101100111011111111111111111111,
00000000000000000000000000000001101100111111111111111111111111,
00000000000000000000000000000001101101000011111111111111111111,
00000000000000000000000000000001101101000111111111111111111111,
00000000000000000000000000000001101101001011111111111111111111,
00000000000000000000000000000001101101001111111111111111111111,
00000000000000000000000000000001101101010011111111111111111111,
00000000000000000000000000000001101101010111111111111111111111,
00000000000000000000000000000001101101011011111111111111111111,
00000000000000000000000000000001101101011111111111111111111111,
00000000000000000000000000000001101101100011111111111111111111,
00000000000000000000000000000001101101100111111111111111111111,
00000000000000000000000000000001101101101011111111111111111111,
00000000000000000000000000000001101101101111111111111111111111,
00000000000000000000000000000001101101110011111111111111111111,
00000000000000000000000000000001101101110111111111111111111111,
00000000000000000000000000000001101101111011111111111111111111,
00000000000000000000000000000001101101111111111111111111111111,
00000000000000000000000000000001101110000011111111111111111111,
00000000000000000000000000000001101110000111111111111111111111,
00000000000000000000000000000001101110001011111111111111111111,
00000000000000000000000000000001101110001111111111111111111111,
00000000000000000000000000000001101110010011111111111111111111,
00000000000000000000000000000001101110010111111111111111111111,
00000000000000000000000000000001101110011011111111111111111111,
00000000000000000000000000000001101110011111111111111111111111,
00000000000000000000000000000001101110100011111111111111111111,
00000000000000000000000000000001101110100111111111111111111111,
00000000000000000000000000000001101110101011111111111111111111,
00000000000000000000000000000001101110101111111111111111111111,
00000000000000000000000000000001101110110011111111111111111111,
00000000000000000000000000000001101110110111111111111111111111,
00000000000000000000000000000001101110111011111111111111111111,
00000000000000000000000000000001101110111111111111111111111111,
00000000000000000000000000000001101111000011111111111111111111,
00000000000000000000000000000001101111000111111111111111111111,
00000000000000000000000000000001101111001011111111111111111111,
00000000000000000000000000000001101111001111111111111111111111,
00000000000000000000000000000001101111010011111111111111111111,
00000000000000000000000000000001101111010111111111111111111111,
00000000000000000000000000000001101111011011111111111111111111,
00000000000000000000000000000001101111011111111111111111111111,
00000000000000000000000000000001101111100011111111111111111111,
00000000000000000000000000000001101111100111111111111111111111,
00000000000000000000000000000001101111101011111111111111111111,
00000000000000000000000000000001101111101111111111111111111111,
00000000000000000000000000000001101111110011111111111111111111,
00000000000000000000000000000001101111110111111111111111111111,
00000000000000000000000000000001101111111011111111111111111111,
00000000000000000000000000000001101111111111111111111111111111,
00000000000000000000000000000001110000000011111111111111111111,
00000000000000000000000000000001110000000111111111111111111111,
00000000000000000000000000000001110000001011111111111111111111,
00000000000000000000000000000001110000001111111111111111111111,
00000000000000000000000000000001110000010011111111111111111111,
00000000000000000000000000000001110000010111111111111111111111,
00000000000000000000000000000001110000011011111111111111111111,
00000000000000000000000000000001110000011111111111111111111111,
00000000000000000000000000000001110000100011111111111111111111,
00000000000000000000000000000001110000100111111111111111111111,
00000000000000000000000000000001110000101011111111111111111111,
00000000000000000000000000000001110000101111111111111111111111,
00000000000000000000000000000001110000110011111111111111111111,
00000000000000000000000000000001110000110111111111111111111111,
00000000000000000000000000000001110000111011111111111111111111,
00000000000000000000000000000001110000111111111111111111111111,
00000000000000000000000000000001110001000011111111111111111111,
00000000000000000000000000000001110001000111111111111111111111,
00000000000000000000000000000001110001001011111111111111111111,
00000000000000000000000000000001110001001111111111111111111111,
00000000000000000000000000000001110001010011111111111111111111,
00000000000000000000000000000001110001010111111111111111111111,
00000000000000000000000000000001110001011011111111111111111111,
00000000000000000000000000000001110001011111111111111111111111,
00000000000000000000000000000001110001100011111111111111111111,
00000000000000000000000000000001110001100111111111111111111111,
00000000000000000000000000000001110001101011111111111111111111,
00000000000000000000000000000001110001101111111111111111111111,
00000000000000000000000000000001110001110011111111111111111111,
00000000000000000000000000000001110001110111111111111111111111,
00000000000000000000000000000001110001111011111111111111111111,
00000000000000000000000000000001110001111111111111111111111111,
00000000000000000000000000000001110010000011111111111111111111,
00000000000000000000000000000001110010000111111111111111111111,
00000000000000000000000000000001110010001011111111111111111111,
00000000000000000000000000000001110010001111111111111111111111,
00000000000000000000000000000001110010010011111111111111111111,
00000000000000000000000000000001110010010111111111111111111111,
00000000000000000000000000000001110010011011111111111111111111,
00000000000000000000000000000001110010011111111111111111111111,
00000000000000000000000000000001110010100011111111111111111111,
00000000000000000000000000000001110010100111111111111111111111,
00000000000000000000000000000001110010101011111111111111111111,
00000000000000000000000000000001110010101111111111111111111111,
00000000000000000000000000000001110010110011111111111111111111,
00000000000000000000000000000001110010110111111111111111111111,
00000000000000000000000000000001110010111011111111111111111111,
00000000000000000000000000000001110010111111111111111111111111,
00000000000000000000000000000001110011000011111111111111111111,
00000000000000000000000000000001110011000111111111111111111111,
00000000000000000000000000000001110011001011111111111111111111,
00000000000000000000000000000001110011001111111111111111111111,
00000000000000000000000000000001110011010011111111111111111111,
00000000000000000000000000000001110011010111111111111111111111,
00000000000000000000000000000001110011011011111111111111111111,
00000000000000000000000000000001110011011111111111111111111111,
00000000000000000000000000000001110011100011111111111111111111,
00000000000000000000000000000001110011100111111111111111111111,
00000000000000000000000000000001110011101011111111111111111111,
00000000000000000000000000000001110011101111111111111111111111,
00000000000000000000000000000001110011110011111111111111111111,
00000000000000000000000000000001110011110111111111111111111111,
00000000000000000000000000000001110011111011111111111111111111,
00000000000000000000000000000001110011111111111111111111111111,
00000000000000000000000000000001110100000011111111111111111111,
00000000000000000000000000000001110100000111111111111111111111,
00000000000000000000000000000001110100001011111111111111111111,
00000000000000000000000000000001110100001111111111111111111111,
00000000000000000000000000000001110100010011111111111111111111,
00000000000000000000000000000001110100010111111111111111111111,
00000000000000000000000000000001110100011011111111111111111111,
00000000000000000000000000000001110100011111111111111111111111,
00000000000000000000000000000001110100100011111111111111111111,
00000000000000000000000000000001110100100111111111111111111111,
00000000000000000000000000000001110100101011111111111111111111,
00000000000000000000000000000001110100101111111111111111111111,
00000000000000000000000000000001110100110011111111111111111111,
00000000000000000000000000000001110100110111111111111111111111,
00000000000000000000000000000001110100111011111111111111111111,
00000000000000000000000000000001110100111111111111111111111111,
00000000000000000000000000000001110101000011111111111111111111,
00000000000000000000000000000001110101000111111111111111111111,
00000000000000000000000000000001110101001011111111111111111111,
00000000000000000000000000000001110101001111111111111111111111,
00000000000000000000000000000001110101010011111111111111111111,
00000000000000000000000000000001110101010111111111111111111111,
00000000000000000000000000000001110101011011111111111111111111,
00000000000000000000000000000001110101011111111111111111111111,
00000000000000000000000000000001110101100011111111111111111111,
00000000000000000000000000000001110101100111111111111111111111,
00000000000000000000000000000001110101101011111111111111111111,
00000000000000000000000000000001110101101111111111111111111111,
00000000000000000000000000000001110101110011111111111111111111,
00000000000000000000000000000001110101110111111111111111111111,
00000000000000000000000000000001110101111011111111111111111111,
00000000000000000000000000000001110101111111111111111111111111,
00000000000000000000000000000001110110000011111111111111111111,
00000000000000000000000000000001110110000111111111111111111111,
00000000000000000000000000000001110110001011111111111111111111,
00000000000000000000000000000001110110001111111111111111111111,
00000000000000000000000000000001110110010011111111111111111111,
00000000000000000000000000000001110110010111111111111111111111,
00000000000000000000000000000001110110011011111111111111111111,
00000000000000000000000000000001110110011111111111111111111111,
00000000000000000000000000000001110110100011111111111111111111,
00000000000000000000000000000001110110100111111111111111111111,
00000000000000000000000000000001110110101011111111111111111111,
00000000000000000000000000000001110110101111111111111111111111,
00000000000000000000000000000001110110110011111111111111111111,
00000000000000000000000000000001110110110111111111111111111111,
00000000000000000000000000000001110110111011111111111111111111,
00000000000000000000000000000001110110111111111111111111111111,
00000000000000000000000000000001110111000011111111111111111111,
00000000000000000000000000000001110111000111111111111111111111,
00000000000000000000000000000001110111001011111111111111111111,
00000000000000000000000000000001110111001111111111111111111111,
00000000000000000000000000000001110111010011111111111111111111,
00000000000000000000000000000001110111010111111111111111111111,
00000000000000000000000000000001110111011011111111111111111111,
00000000000000000000000000000001110111011111111111111111111111,
00000000000000000000000000000001110111100011111111111111111111,
00000000000000000000000000000001110111100111111111111111111111,
00000000000000000000000000000001110111101011111111111111111111,
00000000000000000000000000000001110111101111111111111111111111,
00000000000000000000000000000001110111110011111111111111111111,
00000000000000000000000000000001110111110111111111111111111111,
00000000000000000000000000000001110111111011111111111111111111,
00000000000000000000000000000001110111111111111111111111111111,
00000000000000000000000000000001111000000011111111111111111111,
00000000000000000000000000000001111000000111111111111111111111,
00000000000000000000000000000001111000001011111111111111111111,
00000000000000000000000000000001111000001111111111111111111111,
00000000000000000000000000000001111000010011111111111111111111,
00000000000000000000000000000001111000010111111111111111111111,
00000000000000000000000000000001111000011011111111111111111111,
00000000000000000000000000000001111000011111111111111111111111,
00000000000000000000000000000001111000100011111111111111111111,
00000000000000000000000000000001111000100111111111111111111111,
00000000000000000000000000000001111000101011111111111111111111,
00000000000000000000000000000001111000101111111111111111111111,
00000000000000000000000000000001111000110011111111111111111111,
00000000000000000000000000000001111000110111111111111111111111,
00000000000000000000000000000001111000111011111111111111111111,
00000000000000000000000000000001111000111111111111111111111111,
00000000000000000000000000000001111001000011111111111111111111,
00000000000000000000000000000001111001000111111111111111111111,
00000000000000000000000000000001111001001011111111111111111111,
00000000000000000000000000000001111001001111111111111111111111,
00000000000000000000000000000001111001010011111111111111111111,
00000000000000000000000000000001111001010111111111111111111111,
00000000000000000000000000000001111001011011111111111111111111,
00000000000000000000000000000001111001011111111111111111111111,
00000000000000000000000000000001111001100011111111111111111111,
00000000000000000000000000000001111001100111111111111111111111,
00000000000000000000000000000001111001101011111111111111111111,
00000000000000000000000000000001111001101111111111111111111111,
00000000000000000000000000000001111001110011111111111111111111,
00000000000000000000000000000001111001110111111111111111111111,
00000000000000000000000000000001111001111011111111111111111111,
00000000000000000000000000000001111001111111111111111111111111,
00000000000000000000000000000001111010000011111111111111111111,
00000000000000000000000000000001111010000111111111111111111111,
00000000000000000000000000000001111010001011111111111111111111,
00000000000000000000000000000001111010001111111111111111111111,
00000000000000000000000000000001111010010011111111111111111111,
00000000000000000000000000000001111010010111111111111111111111,
00000000000000000000000000000001111010011011111111111111111111,
00000000000000000000000000000001111010011111111111111111111111,
00000000000000000000000000000001111010100011111111111111111111,
00000000000000000000000000000001111010100111111111111111111111,
00000000000000000000000000000001111010101011111111111111111111,
00000000000000000000000000000001111010101111111111111111111111,
00000000000000000000000000000001111010110011111111111111111111,
00000000000000000000000000000001111010110111111111111111111111,
00000000000000000000000000000001111010111011111111111111111111,
00000000000000000000000000000001111010111111111111111111111111,
00000000000000000000000000000001111011000011111111111111111111,
00000000000000000000000000000001111011000111111111111111111111,
00000000000000000000000000000001111011001011111111111111111111,
00000000000000000000000000000001111011001111111111111111111111,
00000000000000000000000000000001111011010011111111111111111111,
00000000000000000000000000000001111011010111111111111111111111,
00000000000000000000000000000001111011011011111111111111111111,
00000000000000000000000000000001111011011111111111111111111111,
00000000000000000000000000000001111011100011111111111111111111,
00000000000000000000000000000001111011100111111111111111111111,
00000000000000000000000000000001111011101011111111111111111111,
00000000000000000000000000000001111011101111111111111111111111,
00000000000000000000000000000001111011110011111111111111111111,
00000000000000000000000000000001111011110111111111111111111111,
00000000000000000000000000000001111011111011111111111111111111,
00000000000000000000000000000001111011111111111111111111111111,
00000000000000000000000000000001111100000011111111111111111111,
00000000000000000000000000000001111100000111111111111111111111,
00000000000000000000000000000001111100001011111111111111111111,
00000000000000000000000000000001111100001111111111111111111111,
00000000000000000000000000000001111100010011111111111111111111,
00000000000000000000000000000001111100010111111111111111111111,
00000000000000000000000000000001111100011011111111111111111111,
00000000000000000000000000000001111100011111111111111111111111,
00000000000000000000000000000001111100100011111111111111111111,
00000000000000000000000000000001111100100111111111111111111111,
00000000000000000000000000000001111100101011111111111111111111,
00000000000000000000000000000001111100101111111111111111111111,
00000000000000000000000000000001111100110011111111111111111111,
00000000000000000000000000000001111100110111111111111111111111,
00000000000000000000000000000001111100111011111111111111111111,
00000000000000000000000000000001111100111111111111111111111111,
00000000000000000000000000000001111101000011111111111111111111,
00000000000000000000000000000001111101000111111111111111111111,
00000000000000000000000000000001111101001011111111111111111111,
00000000000000000000000000000001111101001111111111111111111111,
00000000000000000000000000000001111101010011111111111111111111,
00000000000000000000000000000001111101010111111111111111111111,
00000000000000000000000000000001111101011011111111111111111111,
00000000000000000000000000000001111101011111111111111111111111,
00000000000000000000000000000001111101100011111111111111111111,
00000000000000000000000000000001111101100111111111111111111111,
00000000000000000000000000000001111101101011111111111111111111,
00000000000000000000000000000001111101101111111111111111111111,
00000000000000000000000000000001111101110011111111111111111111,
00000000000000000000000000000001111101110111111111111111111111,
00000000000000000000000000000001111101111011111111111111111111,
00000000000000000000000000000001111101111111111111111111111111,
00000000000000000000000000000001111110000011111111111111111111,
00000000000000000000000000000001111110000111111111111111111111,
00000000000000000000000000000001111110001011111111111111111111,
00000000000000000000000000000001111110001111111111111111111111,
00000000000000000000000000000001111110010011111111111111111111,
00000000000000000000000000000001111110010111111111111111111111,
00000000000000000000000000000001111110011011111111111111111111,
00000000000000000000000000000001111110011111111111111111111111,
00000000000000000000000000000001111110100011111111111111111111,
00000000000000000000000000000001111110100111111111111111111111,
00000000000000000000000000000001111110101011111111111111111111,
00000000000000000000000000000001111110101111111111111111111111,
00000000000000000000000000000001111110110011111111111111111111,
00000000000000000000000000000001111110110111111111111111111111,
00000000000000000000000000000001111110111011111111111111111111,
00000000000000000000000000000001111110111111111111111111111111,
00000000000000000000000000000001111111000011111111111111111111,
00000000000000000000000000000001111111000111111111111111111111,
00000000000000000000000000000001111111001011111111111111111111,
00000000000000000000000000000001111111001111111111111111111111,
00000000000000000000000000000001111111010011111111111111111111,
00000000000000000000000000000001111111010111111111111111111111,
00000000000000000000000000000001111111011011111111111111111111,
00000000000000000000000000000001111111011111111111111111111111,
00000000000000000000000000000001111111100011111111111111111111,
00000000000000000000000000000001111111100111111111111111111111,
00000000000000000000000000000001111111101011111111111111111111,
00000000000000000000000000000001111111101111111111111111111111,
00000000000000000000000000000001111111110011111111111111111111,
00000000000000000000000000000001111111110111111111111111111111,
00000000000000000000000000000001111111111011111111111111111111,
00000000000000000000000000000001111111111111111111111111111111,
00000000000000000000000000000001111111111011111111111111111111,
00000000000000000000000000000001111111110111111111111111111111,
00000000000000000000000000000001111111110011111111111111111111,
00000000000000000000000000000001111111101111111111111111111111,
00000000000000000000000000000001111111101011111111111111111111,
00000000000000000000000000000001111111100111111111111111111111,
00000000000000000000000000000001111111100011111111111111111111,
00000000000000000000000000000001111111011111111111111111111111,
00000000000000000000000000000001111111011011111111111111111111,
00000000000000000000000000000001111111010111111111111111111111,
00000000000000000000000000000001111111010011111111111111111111,
00000000000000000000000000000001111111001111111111111111111111,
00000000000000000000000000000001111111001011111111111111111111,
00000000000000000000000000000001111111000111111111111111111111,
00000000000000000000000000000001111111000011111111111111111111,
00000000000000000000000000000001111110111111111111111111111111,
00000000000000000000000000000001111110111011111111111111111111,
00000000000000000000000000000001111110110111111111111111111111,
00000000000000000000000000000001111110110011111111111111111111,
00000000000000000000000000000001111110101111111111111111111111,
00000000000000000000000000000001111110101011111111111111111111,
00000000000000000000000000000001111110100111111111111111111111,
00000000000000000000000000000001111110100011111111111111111111,
00000000000000000000000000000001111110011111111111111111111111,
00000000000000000000000000000001111110011011111111111111111111,
00000000000000000000000000000001111110010111111111111111111111,
00000000000000000000000000000001111110010011111111111111111111,
00000000000000000000000000000001111110001111111111111111111111,
00000000000000000000000000000001111110001011111111111111111111,
00000000000000000000000000000001111110000111111111111111111111,
00000000000000000000000000000001111110000011111111111111111111,
00000000000000000000000000000001111101111111111111111111111111,
00000000000000000000000000000001111101111011111111111111111111,
00000000000000000000000000000001111101110111111111111111111111,
00000000000000000000000000000001111101110011111111111111111111,
00000000000000000000000000000001111101101111111111111111111111,
00000000000000000000000000000001111101101011111111111111111111,
00000000000000000000000000000001111101100111111111111111111111,
00000000000000000000000000000001111101100011111111111111111111,
00000000000000000000000000000001111101011111111111111111111111,
00000000000000000000000000000001111101011011111111111111111111,
00000000000000000000000000000001111101010111111111111111111111,
00000000000000000000000000000001111101010011111111111111111111,
00000000000000000000000000000001111101001111111111111111111111,
00000000000000000000000000000001111101001011111111111111111111,
00000000000000000000000000000001111101000111111111111111111111,
00000000000000000000000000000001111101000011111111111111111111,
00000000000000000000000000000001111100111111111111111111111111,
00000000000000000000000000000001111100111011111111111111111111,
00000000000000000000000000000001111100110111111111111111111111,
00000000000000000000000000000001111100110011111111111111111111,
00000000000000000000000000000001111100101111111111111111111111,
00000000000000000000000000000001111100101011111111111111111111,
00000000000000000000000000000001111100100111111111111111111111,
00000000000000000000000000000001111100100011111111111111111111,
00000000000000000000000000000001111100011111111111111111111111,
00000000000000000000000000000001111100011011111111111111111111,
00000000000000000000000000000001111100010111111111111111111111,
00000000000000000000000000000001111100010011111111111111111111,
00000000000000000000000000000001111100001111111111111111111111,
00000000000000000000000000000001111100001011111111111111111111,
00000000000000000000000000000001111100000111111111111111111111,
00000000000000000000000000000001111100000011111111111111111111,
00000000000000000000000000000001111011111111111111111111111111,
00000000000000000000000000000001111011111011111111111111111111,
00000000000000000000000000000001111011110111111111111111111111,
00000000000000000000000000000001111011110011111111111111111111,
00000000000000000000000000000001111011101111111111111111111111,
00000000000000000000000000000001111011101011111111111111111111,
00000000000000000000000000000001111011100111111111111111111111,
00000000000000000000000000000001111011100011111111111111111111,
00000000000000000000000000000001111011011111111111111111111111,
00000000000000000000000000000001111011011011111111111111111111,
00000000000000000000000000000001111011010111111111111111111111,
00000000000000000000000000000001111011010011111111111111111111,
00000000000000000000000000000001111011001111111111111111111111,
00000000000000000000000000000001111011001011111111111111111111,
00000000000000000000000000000001111011000111111111111111111111,
00000000000000000000000000000001111011000011111111111111111111,
00000000000000000000000000000001111010111111111111111111111111,
00000000000000000000000000000001111010111011111111111111111111,
00000000000000000000000000000001111010110111111111111111111111,
00000000000000000000000000000001111010110011111111111111111111,
00000000000000000000000000000001111010101111111111111111111111,
00000000000000000000000000000001111010101011111111111111111111,
00000000000000000000000000000001111010100111111111111111111111,
00000000000000000000000000000001111010100011111111111111111111,
00000000000000000000000000000001111010011111111111111111111111,
00000000000000000000000000000001111010011011111111111111111111,
00000000000000000000000000000001111010010111111111111111111111,
00000000000000000000000000000001111010010011111111111111111111,
00000000000000000000000000000001111010001111111111111111111111,
00000000000000000000000000000001111010001011111111111111111111,
00000000000000000000000000000001111010000111111111111111111111,
00000000000000000000000000000001111010000011111111111111111111,
00000000000000000000000000000001111001111111111111111111111111,
00000000000000000000000000000001111001111011111111111111111111,
00000000000000000000000000000001111001110111111111111111111111,
00000000000000000000000000000001111001110011111111111111111111,
00000000000000000000000000000001111001101111111111111111111111,
00000000000000000000000000000001111001101011111111111111111111,
00000000000000000000000000000001111001100111111111111111111111,
00000000000000000000000000000001111001100011111111111111111111,
00000000000000000000000000000001111001011111111111111111111111,
00000000000000000000000000000001111001011011111111111111111111,
00000000000000000000000000000001111001010111111111111111111111,
00000000000000000000000000000001111001010011111111111111111111,
00000000000000000000000000000001111001001111111111111111111111,
00000000000000000000000000000001111001001011111111111111111111,
00000000000000000000000000000001111001000111111111111111111111,
00000000000000000000000000000001111001000011111111111111111111,
00000000000000000000000000000001111000111111111111111111111111,
00000000000000000000000000000001111000111011111111111111111111,
00000000000000000000000000000001111000110111111111111111111111,
00000000000000000000000000000001111000110011111111111111111111,
00000000000000000000000000000001111000101111111111111111111111,
00000000000000000000000000000001111000101011111111111111111111,
00000000000000000000000000000001111000100111111111111111111111,
00000000000000000000000000000001111000100011111111111111111111,
00000000000000000000000000000001111000011111111111111111111111,
00000000000000000000000000000001111000011011111111111111111111,
00000000000000000000000000000001111000010111111111111111111111,
00000000000000000000000000000001111000010011111111111111111111,
00000000000000000000000000000001111000001111111111111111111111,
00000000000000000000000000000001111000001011111111111111111111,
00000000000000000000000000000001111000000111111111111111111111,
00000000000000000000000000000001111000000011111111111111111111,
00000000000000000000000000000001110111111111111111111111111111,
00000000000000000000000000000001110111111011111111111111111111,
00000000000000000000000000000001110111110111111111111111111111,
00000000000000000000000000000001110111110011111111111111111111,
00000000000000000000000000000001110111101111111111111111111111,
00000000000000000000000000000001110111101011111111111111111111,
00000000000000000000000000000001110111100111111111111111111111,
00000000000000000000000000000001110111100011111111111111111111,
00000000000000000000000000000001110111011111111111111111111111,
00000000000000000000000000000001110111011011111111111111111111,
00000000000000000000000000000001110111010111111111111111111111,
00000000000000000000000000000001110111010011111111111111111111,
00000000000000000000000000000001110111001111111111111111111111,
00000000000000000000000000000001110111001011111111111111111111,
00000000000000000000000000000001110111000111111111111111111111,
00000000000000000000000000000001110111000011111111111111111111,
00000000000000000000000000000001110110111111111111111111111111,
00000000000000000000000000000001110110111011111111111111111111,
00000000000000000000000000000001110110110111111111111111111111,
00000000000000000000000000000001110110110011111111111111111111,
00000000000000000000000000000001110110101111111111111111111111,
00000000000000000000000000000001110110101011111111111111111111,
00000000000000000000000000000001110110100111111111111111111111,
00000000000000000000000000000001110110100011111111111111111111,
00000000000000000000000000000001110110011111111111111111111111,
00000000000000000000000000000001110110011011111111111111111111,
00000000000000000000000000000001110110010111111111111111111111,
00000000000000000000000000000001110110010011111111111111111111,
00000000000000000000000000000001110110001111111111111111111111,
00000000000000000000000000000001110110001011111111111111111111,
00000000000000000000000000000001110110000111111111111111111111,
00000000000000000000000000000001110110000011111111111111111111,
00000000000000000000000000000001110101111111111111111111111111,
00000000000000000000000000000001110101111011111111111111111111,
00000000000000000000000000000001110101110111111111111111111111,
00000000000000000000000000000001110101110011111111111111111111,
00000000000000000000000000000001110101101111111111111111111111,
00000000000000000000000000000001110101101011111111111111111111,
00000000000000000000000000000001110101100111111111111111111111,
00000000000000000000000000000001110101100011111111111111111111,
00000000000000000000000000000001110101011111111111111111111111,
00000000000000000000000000000001110101011011111111111111111111,
00000000000000000000000000000001110101010111111111111111111111,
00000000000000000000000000000001110101010011111111111111111111,
00000000000000000000000000000001110101001111111111111111111111,
00000000000000000000000000000001110101001011111111111111111111,
00000000000000000000000000000001110101000111111111111111111111,
00000000000000000000000000000001110101000011111111111111111111,
00000000000000000000000000000001110100111111111111111111111111,
00000000000000000000000000000001110100111011111111111111111111,
00000000000000000000000000000001110100110111111111111111111111,
00000000000000000000000000000001110100110011111111111111111111,
00000000000000000000000000000001110100101111111111111111111111,
00000000000000000000000000000001110100101011111111111111111111,
00000000000000000000000000000001110100100111111111111111111111,
00000000000000000000000000000001110100100011111111111111111111,
00000000000000000000000000000001110100011111111111111111111111,
00000000000000000000000000000001110100011011111111111111111111,
00000000000000000000000000000001110100010111111111111111111111,
00000000000000000000000000000001110100010011111111111111111111,
00000000000000000000000000000001110100001111111111111111111111,
00000000000000000000000000000001110100001011111111111111111111,
00000000000000000000000000000001110100000111111111111111111111,
00000000000000000000000000000001110100000011111111111111111111,
00000000000000000000000000000001110011111111111111111111111111,
00000000000000000000000000000001110011111011111111111111111111,
00000000000000000000000000000001110011110111111111111111111111,
00000000000000000000000000000001110011110011111111111111111111,
00000000000000000000000000000001110011101111111111111111111111,
00000000000000000000000000000001110011101011111111111111111111,
00000000000000000000000000000001110011100111111111111111111111,
00000000000000000000000000000001110011100011111111111111111111,
00000000000000000000000000000001110011011111111111111111111111,
00000000000000000000000000000001110011011011111111111111111111,
00000000000000000000000000000001110011010111111111111111111111,
00000000000000000000000000000001110011010011111111111111111111,
00000000000000000000000000000001110011001111111111111111111111,
00000000000000000000000000000001110011001011111111111111111111,
00000000000000000000000000000001110011000111111111111111111111,
00000000000000000000000000000001110011000011111111111111111111,
00000000000000000000000000000001110010111111111111111111111111,
00000000000000000000000000000001110010111011111111111111111111,
00000000000000000000000000000001110010110111111111111111111111,
00000000000000000000000000000001110010110011111111111111111111,
00000000000000000000000000000001110010101111111111111111111111,
00000000000000000000000000000001110010101011111111111111111111,
00000000000000000000000000000001110010100111111111111111111111,
00000000000000000000000000000001110010100011111111111111111111,
00000000000000000000000000000001110010011111111111111111111111,
00000000000000000000000000000001110010011011111111111111111111,
00000000000000000000000000000001110010010111111111111111111111,
00000000000000000000000000000001110010010011111111111111111111,
00000000000000000000000000000001110010001111111111111111111111,
00000000000000000000000000000001110010001011111111111111111111,
00000000000000000000000000000001110010000111111111111111111111,
00000000000000000000000000000001110010000011111111111111111111,
00000000000000000000000000000001110001111111111111111111111111,
00000000000000000000000000000001110001111011111111111111111111,
00000000000000000000000000000001110001110111111111111111111111,
00000000000000000000000000000001110001110011111111111111111111,
00000000000000000000000000000001110001101111111111111111111111,
00000000000000000000000000000001110001101011111111111111111111,
00000000000000000000000000000001110001100111111111111111111111,
00000000000000000000000000000001110001100011111111111111111111,
00000000000000000000000000000001110001011111111111111111111111,
00000000000000000000000000000001110001011011111111111111111111,
00000000000000000000000000000001110001010111111111111111111111,
00000000000000000000000000000001110001010011111111111111111111,
00000000000000000000000000000001110001001111111111111111111111,
00000000000000000000000000000001110001001011111111111111111111,
00000000000000000000000000000001110001000111111111111111111111,
00000000000000000000000000000001110001000011111111111111111111,
00000000000000000000000000000001110000111111111111111111111111,
00000000000000000000000000000001110000111011111111111111111111,
00000000000000000000000000000001110000110111111111111111111111,
00000000000000000000000000000001110000110011111111111111111111,
00000000000000000000000000000001110000101111111111111111111111,
00000000000000000000000000000001110000101011111111111111111111,
00000000000000000000000000000001110000100111111111111111111111,
00000000000000000000000000000001110000100011111111111111111111,
00000000000000000000000000000001110000011111111111111111111111,
00000000000000000000000000000001110000011011111111111111111111,
00000000000000000000000000000001110000010111111111111111111111,
00000000000000000000000000000001110000010011111111111111111111,
00000000000000000000000000000001110000001111111111111111111111,
00000000000000000000000000000001110000001011111111111111111111,
00000000000000000000000000000001110000000111111111111111111111,
00000000000000000000000000000001110000000011111111111111111111,
00000000000000000000000000000001101111111111111111111111111111,
00000000000000000000000000000001101111111011111111111111111111,
00000000000000000000000000000001101111110111111111111111111111,
00000000000000000000000000000001101111110011111111111111111111,
00000000000000000000000000000001101111101111111111111111111111,
00000000000000000000000000000001101111101011111111111111111111,
00000000000000000000000000000001101111100111111111111111111111,
00000000000000000000000000000001101111100011111111111111111111,
00000000000000000000000000000001101111011111111111111111111111,
00000000000000000000000000000001101111011011111111111111111111,
00000000000000000000000000000001101111010111111111111111111111,
00000000000000000000000000000001101111010011111111111111111111,
00000000000000000000000000000001101111001111111111111111111111,
00000000000000000000000000000001101111001011111111111111111111,
00000000000000000000000000000001101111000111111111111111111111,
00000000000000000000000000000001101111000011111111111111111111,
00000000000000000000000000000001101110111111111111111111111111,
00000000000000000000000000000001101110111011111111111111111111,
00000000000000000000000000000001101110110111111111111111111111,
00000000000000000000000000000001101110110011111111111111111111,
00000000000000000000000000000001101110101111111111111111111111,
00000000000000000000000000000001101110101011111111111111111111,
00000000000000000000000000000001101110100111111111111111111111,
00000000000000000000000000000001101110100011111111111111111111,
00000000000000000000000000000001101110011111111111111111111111,
00000000000000000000000000000001101110011011111111111111111111,
00000000000000000000000000000001101110010111111111111111111111,
00000000000000000000000000000001101110010011111111111111111111,
00000000000000000000000000000001101110001111111111111111111111,
00000000000000000000000000000001101110001011111111111111111111,
00000000000000000000000000000001101110000111111111111111111111,
00000000000000000000000000000001101110000011111111111111111111,
00000000000000000000000000000001101101111111111111111111111111,
00000000000000000000000000000001101101111011111111111111111111,
00000000000000000000000000000001101101110111111111111111111111,
00000000000000000000000000000001101101110011111111111111111111,
00000000000000000000000000000001101101101111111111111111111111,
00000000000000000000000000000001101101101011111111111111111111,
00000000000000000000000000000001101101100111111111111111111111,
00000000000000000000000000000001101101100011111111111111111111,
00000000000000000000000000000001101101011111111111111111111111,
00000000000000000000000000000001101101011011111111111111111111,
00000000000000000000000000000001101101010111111111111111111111,
00000000000000000000000000000001101101010011111111111111111111,
00000000000000000000000000000001101101001111111111111111111111,
00000000000000000000000000000001101101001011111111111111111111,
00000000000000000000000000000001101101000111111111111111111111,
00000000000000000000000000000001101101000011111111111111111111,
00000000000000000000000000000001101100111111111111111111111111,
00000000000000000000000000000001101100111011111111111111111111,
00000000000000000000000000000001101100110111111111111111111111,
00000000000000000000000000000001101100110011111111111111111111,
00000000000000000000000000000001101100101111111111111111111111,
00000000000000000000000000000001101100101011111111111111111111,
00000000000000000000000000000001101100100111111111111111111111,
00000000000000000000000000000001101100100011111111111111111111,
00000000000000000000000000000001101100011111111111111111111111,
00000000000000000000000000000001101100011011111111111111111111,
00000000000000000000000000000001101100010111111111111111111111,
00000000000000000000000000000001101100010011111111111111111111,
00000000000000000000000000000001101100001111111111111111111111,
00000000000000000000000000000001101100001011111111111111111111,
00000000000000000000000000000001101100000111111111111111111111,
00000000000000000000000000000001101100000011111111111111111111,
00000000000000000000000000000001101011111111111111111111111111,
00000000000000000000000000000001101011111011111111111111111111,
00000000000000000000000000000001101011110111111111111111111111,
00000000000000000000000000000001101011110011111111111111111111,
00000000000000000000000000000001101011101111111111111111111111,
00000000000000000000000000000001101011101011111111111111111111,
00000000000000000000000000000001101011100111111111111111111111,
00000000000000000000000000000001101011100011111111111111111111,
00000000000000000000000000000001101011011111111111111111111111,
00000000000000000000000000000001101011011011111111111111111111,
00000000000000000000000000000001101011010111111111111111111111,
00000000000000000000000000000001101011010011111111111111111111,
00000000000000000000000000000001101011001111111111111111111111,
00000000000000000000000000000001101011001011111111111111111111,
00000000000000000000000000000001101011000111111111111111111111,
00000000000000000000000000000001101011000011111111111111111111,
00000000000000000000000000000001101010111111111111111111111111,
00000000000000000000000000000001101010111011111111111111111111,
00000000000000000000000000000001101010110111111111111111111111,
00000000000000000000000000000001101010110011111111111111111111,
00000000000000000000000000000001101010101111111111111111111111,
00000000000000000000000000000001101010101011111111111111111111,
00000000000000000000000000000001101010100111111111111111111111,
00000000000000000000000000000001101010100011111111111111111111,
00000000000000000000000000000001101010011111111111111111111111,
00000000000000000000000000000001101010011011111111111111111111,
00000000000000000000000000000001101010010111111111111111111111,
00000000000000000000000000000001101010010011111111111111111111,
00000000000000000000000000000001101010001111111111111111111111,
00000000000000000000000000000001101010001011111111111111111111,
00000000000000000000000000000001101010000111111111111111111111,
00000000000000000000000000000001101010000011111111111111111111,
00000000000000000000000000000001101001111111111111111111111111,
00000000000000000000000000000001101001111011111111111111111111,
00000000000000000000000000000001101001110111111111111111111111,
00000000000000000000000000000001101001110011111111111111111111,
00000000000000000000000000000001101001101111111111111111111111,
00000000000000000000000000000001101001101011111111111111111111,
00000000000000000000000000000001101001100111111111111111111111,
00000000000000000000000000000001101001100011111111111111111111,
00000000000000000000000000000001101001011111111111111111111111,
00000000000000000000000000000001101001011011111111111111111111,
00000000000000000000000000000001101001010111111111111111111111,
00000000000000000000000000000001101001010011111111111111111111,
00000000000000000000000000000001101001001111111111111111111111,
00000000000000000000000000000001101001001011111111111111111111,
00000000000000000000000000000001101001000111111111111111111111,
00000000000000000000000000000001101001000011111111111111111111,
00000000000000000000000000000001101000111111111111111111111111,
00000000000000000000000000000001101000111011111111111111111111,
00000000000000000000000000000001101000110111111111111111111111,
00000000000000000000000000000001101000110011111111111111111111,
00000000000000000000000000000001101000101111111111111111111111,
00000000000000000000000000000001101000101011111111111111111111,
00000000000000000000000000000001101000100111111111111111111111,
00000000000000000000000000000001101000100011111111111111111111,
00000000000000000000000000000001101000011111111111111111111111,
00000000000000000000000000000001101000011011111111111111111111,
00000000000000000000000000000001101000010111111111111111111111,
00000000000000000000000000000001101000010011111111111111111111,
00000000000000000000000000000001101000001111111111111111111111,
00000000000000000000000000000001101000001011111111111111111111,
00000000000000000000000000000001101000000111111111111111111111,
00000000000000000000000000000001101000000011111111111111111111,
00000000000000000000000000000001100111111111111111111111111111,
00000000000000000000000000000001100111111011111111111111111111,
00000000000000000000000000000001100111110111111111111111111111,
00000000000000000000000000000001100111110011111111111111111111,
00000000000000000000000000000001100111101111111111111111111111,
00000000000000000000000000000001100111101011111111111111111111,
00000000000000000000000000000001100111100111111111111111111111,
00000000000000000000000000000001100111100011111111111111111111,
00000000000000000000000000000001100111011111111111111111111111,
00000000000000000000000000000001100111011011111111111111111111,
00000000000000000000000000000001100111010111111111111111111111,
00000000000000000000000000000001100111010011111111111111111111,
00000000000000000000000000000001100111001111111111111111111111,
00000000000000000000000000000001100111001011111111111111111111,
00000000000000000000000000000001100111000111111111111111111111,
00000000000000000000000000000001100111000011111111111111111111,
00000000000000000000000000000001100110111111111111111111111111,
00000000000000000000000000000001100110111011111111111111111111,
00000000000000000000000000000001100110110111111111111111111111,
00000000000000000000000000000001100110110011111111111111111111,
00000000000000000000000000000001100110101111111111111111111111,
00000000000000000000000000000001100110101011111111111111111111,
00000000000000000000000000000001100110100111111111111111111111,
00000000000000000000000000000001100110100011111111111111111111,
00000000000000000000000000000001100110011111111111111111111111,
00000000000000000000000000000001100110011011111111111111111111,
00000000000000000000000000000001100110010111111111111111111111,
00000000000000000000000000000001100110010011111111111111111111,
00000000000000000000000000000001100110001111111111111111111111,
00000000000000000000000000000001100110001011111111111111111111,
00000000000000000000000000000001100110000111111111111111111111,
00000000000000000000000000000001100110000011111111111111111111,
00000000000000000000000000000001100101111111111111111111111111,
00000000000000000000000000000001100101111011111111111111111111,
00000000000000000000000000000001100101110111111111111111111111,
00000000000000000000000000000001100101110011111111111111111111,
00000000000000000000000000000001100101101111111111111111111111,
00000000000000000000000000000001100101101011111111111111111111,
00000000000000000000000000000001100101100111111111111111111111,
00000000000000000000000000000001100101100011111111111111111111,
00000000000000000000000000000001100101011111111111111111111111,
00000000000000000000000000000001100101011011111111111111111111,
00000000000000000000000000000001100101010111111111111111111111,
00000000000000000000000000000001100101010011111111111111111111,
00000000000000000000000000000001100101001111111111111111111111,
00000000000000000000000000000001100101001011111111111111111111,
00000000000000000000000000000001100101000111111111111111111111,
00000000000000000000000000000001100101000011111111111111111111,
00000000000000000000000000000001100100111111111111111111111111,
00000000000000000000000000000001100100111011111111111111111111,
00000000000000000000000000000001100100110111111111111111111111,
00000000000000000000000000000001100100110011111111111111111111,
00000000000000000000000000000001100100101111111111111111111111,
00000000000000000000000000000001100100101011111111111111111111,
00000000000000000000000000000001100100100111111111111111111111,
00000000000000000000000000000001100100100011111111111111111111,
00000000000000000000000000000001100100011111111111111111111111,
00000000000000000000000000000001100100011011111111111111111111,
00000000000000000000000000000001100100010111111111111111111111,
00000000000000000000000000000001100100010011111111111111111111,
00000000000000000000000000000001100100001111111111111111111111,
00000000000000000000000000000001100100001011111111111111111111,
00000000000000000000000000000001100100000111111111111111111111,
00000000000000000000000000000001100100000011111111111111111111,
00000000000000000000000000000001100011111111111111111111111111,
00000000000000000000000000000001100011111011111111111111111111,
00000000000000000000000000000001100011110111111111111111111111,
00000000000000000000000000000001100011110011111111111111111111,
00000000000000000000000000000001100011101111111111111111111111,
00000000000000000000000000000001100011101011111111111111111111,
00000000000000000000000000000001100011100111111111111111111111,
00000000000000000000000000000001100011100011111111111111111111,
00000000000000000000000000000001100011011111111111111111111111,
00000000000000000000000000000001100011011011111111111111111111,
00000000000000000000000000000001100011010111111111111111111111,
00000000000000000000000000000001100011010011111111111111111111,
00000000000000000000000000000001100011001111111111111111111111,
00000000000000000000000000000001100011001011111111111111111111,
00000000000000000000000000000001100011000111111111111111111111,
00000000000000000000000000000001100011000011111111111111111111,
00000000000000000000000000000001100010111111111111111111111111,
00000000000000000000000000000001100010111011111111111111111111,
00000000000000000000000000000001100010110111111111111111111111,
00000000000000000000000000000001100010110011111111111111111111,
00000000000000000000000000000001100010101111111111111111111111,
00000000000000000000000000000001100010101011111111111111111111,
00000000000000000000000000000001100010100111111111111111111111,
00000000000000000000000000000001100010100011111111111111111111,
00000000000000000000000000000001100010011111111111111111111111,
00000000000000000000000000000001100010011011111111111111111111,
00000000000000000000000000000001100010010111111111111111111111,
00000000000000000000000000000001100010010011111111111111111111,
00000000000000000000000000000001100010001111111111111111111111,
00000000000000000000000000000001100010001011111111111111111111,
00000000000000000000000000000001100010000111111111111111111111,
00000000000000000000000000000001100010000011111111111111111111,
00000000000000000000000000000001100001111111111111111111111111,
00000000000000000000000000000001100001111011111111111111111111,
00000000000000000000000000000001100001110111111111111111111111,
00000000000000000000000000000001100001110011111111111111111111,
00000000000000000000000000000001100001101111111111111111111111,
00000000000000000000000000000001100001101011111111111111111111,
00000000000000000000000000000001100001100111111111111111111111,
00000000000000000000000000000001100001100011111111111111111111,
00000000000000000000000000000001100001011111111111111111111111,
00000000000000000000000000000001100001011011111111111111111111,
00000000000000000000000000000001100001010111111111111111111111,
00000000000000000000000000000001100001010011111111111111111111,
00000000000000000000000000000001100001001111111111111111111111,
00000000000000000000000000000001100001001011111111111111111111,
00000000000000000000000000000001100001000111111111111111111111,
00000000000000000000000000000001100001000011111111111111111111,
00000000000000000000000000000001100000111111111111111111111111,
00000000000000000000000000000001100000111011111111111111111111,
00000000000000000000000000000001100000110111111111111111111111,
00000000000000000000000000000001100000110011111111111111111111,
00000000000000000000000000000001100000101111111111111111111111,
00000000000000000000000000000001100000101011111111111111111111,
00000000000000000000000000000001100000100111111111111111111111,
00000000000000000000000000000001100000100011111111111111111111,
00000000000000000000000000000001100000011111111111111111111111,
00000000000000000000000000000001100000011011111111111111111111,
00000000000000000000000000000001100000010111111111111111111111,
00000000000000000000000000000001100000010011111111111111111111,
00000000000000000000000000000001100000001111111111111111111111,
00000000000000000000000000000001100000001011111111111111111111,
00000000000000000000000000000001100000000111111111111111111111,
00000000000000000000000000000001100000000011111111111111111111,
00000000000000000000000000000001011111111111111111111111111111,
00000000000000000000000000000001011111111011111111111111111111,
00000000000000000000000000000001011111110111111111111111111111,
00000000000000000000000000000001011111110011111111111111111111,
00000000000000000000000000000001011111101111111111111111111111,
00000000000000000000000000000001011111101011111111111111111111,
00000000000000000000000000000001011111100111111111111111111111,
00000000000000000000000000000001011111100011111111111111111111,
00000000000000000000000000000001011111011111111111111111111111,
00000000000000000000000000000001011111011011111111111111111111,
00000000000000000000000000000001011111010111111111111111111111,
00000000000000000000000000000001011111010011111111111111111111,
00000000000000000000000000000001011111001111111111111111111111,
00000000000000000000000000000001011111001011111111111111111111,
00000000000000000000000000000001011111000111111111111111111111,
00000000000000000000000000000001011111000011111111111111111111,
00000000000000000000000000000001011110111111111111111111111111,
00000000000000000000000000000001011110111011111111111111111111,
00000000000000000000000000000001011110110111111111111111111111,
00000000000000000000000000000001011110110011111111111111111111,
00000000000000000000000000000001011110101111111111111111111111,
00000000000000000000000000000001011110101011111111111111111111,
00000000000000000000000000000001011110100111111111111111111111,
00000000000000000000000000000001011110100011111111111111111111,
00000000000000000000000000000001011110011111111111111111111111,
00000000000000000000000000000001011110011011111111111111111111,
00000000000000000000000000000001011110010111111111111111111111,
00000000000000000000000000000001011110010011111111111111111111,
00000000000000000000000000000001011110001111111111111111111111,
00000000000000000000000000000001011110001011111111111111111111,
00000000000000000000000000000001011110000111111111111111111111,
00000000000000000000000000000001011110000011111111111111111111,
00000000000000000000000000000001011101111111111111111111111111,
00000000000000000000000000000001011101111011111111111111111111,
00000000000000000000000000000001011101110111111111111111111111,
00000000000000000000000000000001011101110011111111111111111111,
00000000000000000000000000000001011101101111111111111111111111,
00000000000000000000000000000001011101101011111111111111111111,
00000000000000000000000000000001011101100111111111111111111111,
00000000000000000000000000000001011101100011111111111111111111,
00000000000000000000000000000001011101011111111111111111111111,
00000000000000000000000000000001011101011011111111111111111111,
00000000000000000000000000000001011101010111111111111111111111,
00000000000000000000000000000001011101010011111111111111111111,
00000000000000000000000000000001011101001111111111111111111111,
00000000000000000000000000000001011101001011111111111111111111,
00000000000000000000000000000001011101000111111111111111111111,
00000000000000000000000000000001011101000011111111111111111111,
00000000000000000000000000000001011100111111111111111111111111,
00000000000000000000000000000001011100111011111111111111111111,
00000000000000000000000000000001011100110111111111111111111111,
00000000000000000000000000000001011100110011111111111111111111,
00000000000000000000000000000001011100101111111111111111111111,
00000000000000000000000000000001011100101011111111111111111111,
00000000000000000000000000000001011100100111111111111111111111,
00000000000000000000000000000001011100100011111111111111111111,
00000000000000000000000000000001011100011111111111111111111111,
00000000000000000000000000000001011100011011111111111111111111,
00000000000000000000000000000001011100010111111111111111111111,
00000000000000000000000000000001011100010011111111111111111111,
00000000000000000000000000000001011100001111111111111111111111,
00000000000000000000000000000001011100001011111111111111111111,
00000000000000000000000000000001011100000111111111111111111111,
00000000000000000000000000000001011100000011111111111111111111,
00000000000000000000000000000001011011111111111111111111111111,
00000000000000000000000000000001011011111011111111111111111111,
00000000000000000000000000000001011011110111111111111111111111,
00000000000000000000000000000001011011110011111111111111111111,
00000000000000000000000000000001011011101111111111111111111111,
00000000000000000000000000000001011011101011111111111111111111,
00000000000000000000000000000001011011100111111111111111111111,
00000000000000000000000000000001011011100011111111111111111111,
00000000000000000000000000000001011011011111111111111111111111,
00000000000000000000000000000001011011011011111111111111111111,
00000000000000000000000000000001011011010111111111111111111111,
00000000000000000000000000000001011011010011111111111111111111,
00000000000000000000000000000001011011001111111111111111111111,
00000000000000000000000000000001011011001011111111111111111111,
00000000000000000000000000000001011011000111111111111111111111,
00000000000000000000000000000001011011000011111111111111111111,
00000000000000000000000000000001011010111111111111111111111111,
00000000000000000000000000000001011010111011111111111111111111,
00000000000000000000000000000001011010110111111111111111111111,
00000000000000000000000000000001011010110011111111111111111111,
00000000000000000000000000000001011010101111111111111111111111,
00000000000000000000000000000001011010101011111111111111111111,
00000000000000000000000000000001011010100111111111111111111111,
00000000000000000000000000000001011010100011111111111111111111,
00000000000000000000000000000001011010011111111111111111111111,
00000000000000000000000000000001011010011011111111111111111111,
00000000000000000000000000000001011010010111111111111111111111,
00000000000000000000000000000001011010010011111111111111111111,
00000000000000000000000000000001011010001111111111111111111111,
00000000000000000000000000000001011010001011111111111111111111,
00000000000000000000000000000001011010000111111111111111111111,
00000000000000000000000000000001011010000011111111111111111111,
00000000000000000000000000000001011001111111111111111111111111,
00000000000000000000000000000001011001111011111111111111111111,
00000000000000000000000000000001011001110111111111111111111111,
00000000000000000000000000000001011001110011111111111111111111,
00000000000000000000000000000001011001101111111111111111111111,
00000000000000000000000000000001011001101011111111111111111111,
00000000000000000000000000000001011001100111111111111111111111,
00000000000000000000000000000001011001100011111111111111111111,
00000000000000000000000000000001011001011111111111111111111111,
00000000000000000000000000000001011001011011111111111111111111,
00000000000000000000000000000001011001010111111111111111111111,
00000000000000000000000000000001011001010011111111111111111111,
00000000000000000000000000000001011001001111111111111111111111,
00000000000000000000000000000001011001001011111111111111111111,
00000000000000000000000000000001011001000111111111111111111111,
00000000000000000000000000000001011001000011111111111111111111,
00000000000000000000000000000001011000111111111111111111111111,
00000000000000000000000000000001011000111011111111111111111111,
00000000000000000000000000000001011000110111111111111111111111,
00000000000000000000000000000001011000110011111111111111111111,
00000000000000000000000000000001011000101111111111111111111111,
00000000000000000000000000000001011000101011111111111111111111,
00000000000000000000000000000001011000100111111111111111111111,
00000000000000000000000000000001011000100011111111111111111111,
00000000000000000000000000000001011000011111111111111111111111,
00000000000000000000000000000001011000011011111111111111111111,
00000000000000000000000000000001011000010111111111111111111111,
00000000000000000000000000000001011000010011111111111111111111,
00000000000000000000000000000001011000001111111111111111111111,
00000000000000000000000000000001011000001011111111111111111111,
00000000000000000000000000000001011000000111111111111111111111,
00000000000000000000000000000001011000000011111111111111111111,
00000000000000000000000000000001010111111111111111111111111111,
00000000000000000000000000000001010111111011111111111111111111,
00000000000000000000000000000001010111110111111111111111111111,
00000000000000000000000000000001010111110011111111111111111111,
00000000000000000000000000000001010111101111111111111111111111,
00000000000000000000000000000001010111101011111111111111111111,
00000000000000000000000000000001010111100111111111111111111111,
00000000000000000000000000000001010111100011111111111111111111,
00000000000000000000000000000001010111011111111111111111111111,
00000000000000000000000000000001010111011011111111111111111111,
00000000000000000000000000000001010111010111111111111111111111,
00000000000000000000000000000001010111010011111111111111111111,
00000000000000000000000000000001010111001111111111111111111111,
00000000000000000000000000000001010111001011111111111111111111,
00000000000000000000000000000001010111000111111111111111111111,
00000000000000000000000000000001010111000011111111111111111111,
00000000000000000000000000000001010110111111111111111111111111,
00000000000000000000000000000001010110111011111111111111111111,
00000000000000000000000000000001010110110111111111111111111111,
00000000000000000000000000000001010110110011111111111111111111,
00000000000000000000000000000001010110101111111111111111111111,
00000000000000000000000000000001010110101011111111111111111111,
00000000000000000000000000000001010110100111111111111111111111,
00000000000000000000000000000001010110100011111111111111111111,
00000000000000000000000000000001010110011111111111111111111111,
00000000000000000000000000000001010110011011111111111111111111,
00000000000000000000000000000001010110010111111111111111111111,
00000000000000000000000000000001010110010011111111111111111111,
00000000000000000000000000000001010110001111111111111111111111,
00000000000000000000000000000001010110001011111111111111111111,
00000000000000000000000000000001010110000111111111111111111111,
00000000000000000000000000000001010110000011111111111111111111,
00000000000000000000000000000001010101111111111111111111111111,
00000000000000000000000000000001010101111011111111111111111111,
00000000000000000000000000000001010101110111111111111111111111,
00000000000000000000000000000001010101110011111111111111111111,
00000000000000000000000000000001010101101111111111111111111111,
00000000000000000000000000000001010101101011111111111111111111,
00000000000000000000000000000001010101100111111111111111111111,
00000000000000000000000000000001010101100011111111111111111111,
00000000000000000000000000000001010101011111111111111111111111,
00000000000000000000000000000001010101011011111111111111111111,
00000000000000000000000000000001010101010111111111111111111111,
00000000000000000000000000000001010101010011111111111111111111,
00000000000000000000000000000001010101001111111111111111111111,
00000000000000000000000000000001010101001011111111111111111111,
00000000000000000000000000000001010101000111111111111111111111,
00000000000000000000000000000001010101000011111111111111111111,
00000000000000000000000000000001010100111111111111111111111111,
00000000000000000000000000000001010100111011111111111111111111,
00000000000000000000000000000001010100110111111111111111111111,
00000000000000000000000000000001010100110011111111111111111111,
00000000000000000000000000000001010100101111111111111111111111,
00000000000000000000000000000001010100101011111111111111111111,
00000000000000000000000000000001010100100111111111111111111111,
00000000000000000000000000000001010100100011111111111111111111,
00000000000000000000000000000001010100011111111111111111111111,
00000000000000000000000000000001010100011011111111111111111111,
00000000000000000000000000000001010100010111111111111111111111,
00000000000000000000000000000001010100010011111111111111111111,
00000000000000000000000000000001010100001111111111111111111111,
00000000000000000000000000000001010100001011111111111111111111,
00000000000000000000000000000001010100000111111111111111111111,
00000000000000000000000000000001010100000011111111111111111111,
00000000000000000000000000000001010011111111111111111111111111,
00000000000000000000000000000001010011111011111111111111111111,
00000000000000000000000000000001010011110111111111111111111111,
00000000000000000000000000000001010011110011111111111111111111,
00000000000000000000000000000001010011101111111111111111111111,
00000000000000000000000000000001010011101011111111111111111111,
00000000000000000000000000000001010011100111111111111111111111,
00000000000000000000000000000001010011100011111111111111111111,
00000000000000000000000000000001010011011111111111111111111111,
00000000000000000000000000000001010011011011111111111111111111,
00000000000000000000000000000001010011010111111111111111111111,
00000000000000000000000000000001010011010011111111111111111111,
00000000000000000000000000000001010011001111111111111111111111,
00000000000000000000000000000001010011001011111111111111111111,
00000000000000000000000000000001010011000111111111111111111111,
00000000000000000000000000000001010011000011111111111111111111,
00000000000000000000000000000001010010111111111111111111111111,
00000000000000000000000000000001010010111011111111111111111111,
00000000000000000000000000000001010010110111111111111111111111,
00000000000000000000000000000001010010110011111111111111111111,
00000000000000000000000000000001010010101111111111111111111111,
00000000000000000000000000000001010010101011111111111111111111,
00000000000000000000000000000001010010100111111111111111111111,
00000000000000000000000000000001010010100011111111111111111111,
00000000000000000000000000000001010010011111111111111111111111,
00000000000000000000000000000001010010011011111111111111111111,
00000000000000000000000000000001010010010111111111111111111111,
00000000000000000000000000000001010010010011111111111111111111,
00000000000000000000000000000001010010001111111111111111111111,
00000000000000000000000000000001010010001011111111111111111111,
00000000000000000000000000000001010010000111111111111111111111,
00000000000000000000000000000001010010000011111111111111111111,
00000000000000000000000000000001010001111111111111111111111111,
00000000000000000000000000000001010001111011111111111111111111,
00000000000000000000000000000001010001110111111111111111111111,
00000000000000000000000000000001010001110011111111111111111111,
00000000000000000000000000000001010001101111111111111111111111,
00000000000000000000000000000001010001101011111111111111111111,
00000000000000000000000000000001010001100111111111111111111111,
00000000000000000000000000000001010001100011111111111111111111,
00000000000000000000000000000001010001011111111111111111111111,
00000000000000000000000000000001010001011011111111111111111111,
00000000000000000000000000000001010001010111111111111111111111,
00000000000000000000000000000001010001010011111111111111111111,
00000000000000000000000000000001010001001111111111111111111111,
00000000000000000000000000000001010001001011111111111111111111,
00000000000000000000000000000001010001000111111111111111111111,
00000000000000000000000000000001010001000011111111111111111111,
00000000000000000000000000000001010000111111111111111111111111,
00000000000000000000000000000001010000111011111111111111111111,
00000000000000000000000000000001010000110111111111111111111111,
00000000000000000000000000000001010000110011111111111111111111,
00000000000000000000000000000001010000101111111111111111111111,
00000000000000000000000000000001010000101011111111111111111111,
00000000000000000000000000000001010000100111111111111111111111,
00000000000000000000000000000001010000100011111111111111111111,
00000000000000000000000000000001010000011111111111111111111111,
00000000000000000000000000000001010000011011111111111111111111,
00000000000000000000000000000001010000010111111111111111111111,
00000000000000000000000000000001010000010011111111111111111111,
00000000000000000000000000000001010000001111111111111111111111,
00000000000000000000000000000001010000001011111111111111111111,
00000000000000000000000000000001010000000111111111111111111111,
00000000000000000000000000000001010000000011111111111111111111,
00000000000000000000000000000001001111111111111111111111111111,
00000000000000000000000000000001001111111011111111111111111111,
00000000000000000000000000000001001111110111111111111111111111,
00000000000000000000000000000001001111110011111111111111111111,
00000000000000000000000000000001001111101111111111111111111111,
00000000000000000000000000000001001111101011111111111111111111,
00000000000000000000000000000001001111100111111111111111111111,
00000000000000000000000000000001001111100011111111111111111111,
00000000000000000000000000000001001111011111111111111111111111,
00000000000000000000000000000001001111011011111111111111111111,
00000000000000000000000000000001001111010111111111111111111111,
00000000000000000000000000000001001111010011111111111111111111,
00000000000000000000000000000001001111001111111111111111111111,
00000000000000000000000000000001001111001011111111111111111111,
00000000000000000000000000000001001111000111111111111111111111,
00000000000000000000000000000001001111000011111111111111111111,
00000000000000000000000000000001001110111111111111111111111111,
00000000000000000000000000000001001110111011111111111111111111,
00000000000000000000000000000001001110110111111111111111111111,
00000000000000000000000000000001001110110011111111111111111111,
00000000000000000000000000000001001110101111111111111111111111,
00000000000000000000000000000001001110101011111111111111111111,
00000000000000000000000000000001001110100111111111111111111111,
00000000000000000000000000000001001110100011111111111111111111,
00000000000000000000000000000001001110011111111111111111111111,
00000000000000000000000000000001001110011011111111111111111111,
00000000000000000000000000000001001110010111111111111111111111,
00000000000000000000000000000001001110010011111111111111111111,
00000000000000000000000000000001001110001111111111111111111111,
00000000000000000000000000000001001110001011111111111111111111,
00000000000000000000000000000001001110000111111111111111111111,
00000000000000000000000000000001001110000011111111111111111111,
00000000000000000000000000000001001101111111111111111111111111,
00000000000000000000000000000001001101111011111111111111111111,
00000000000000000000000000000001001101110111111111111111111111,
00000000000000000000000000000001001101110011111111111111111111,
00000000000000000000000000000001001101101111111111111111111111,
00000000000000000000000000000001001101101011111111111111111111,
00000000000000000000000000000001001101100111111111111111111111,
00000000000000000000000000000001001101100011111111111111111111,
00000000000000000000000000000001001101011111111111111111111111,
00000000000000000000000000000001001101011011111111111111111111,
00000000000000000000000000000001001101010111111111111111111111,
00000000000000000000000000000001001101010011111111111111111111,
00000000000000000000000000000001001101001111111111111111111111,
00000000000000000000000000000001001101001011111111111111111111,
00000000000000000000000000000001001101000111111111111111111111,
00000000000000000000000000000001001101000011111111111111111111,
00000000000000000000000000000001001100111111111111111111111111,
00000000000000000000000000000001001100111011111111111111111111,
00000000000000000000000000000001001100110111111111111111111111,
00000000000000000000000000000001001100110011111111111111111111,
00000000000000000000000000000001001100101111111111111111111111,
00000000000000000000000000000001001100101011111111111111111111,
00000000000000000000000000000001001100100111111111111111111111,
00000000000000000000000000000001001100100011111111111111111111,
00000000000000000000000000000001001100011111111111111111111111,
00000000000000000000000000000001001100011011111111111111111111,
00000000000000000000000000000001001100010111111111111111111111,
00000000000000000000000000000001001100010011111111111111111111,
00000000000000000000000000000001001100001111111111111111111111,
00000000000000000000000000000001001100001011111111111111111111,
00000000000000000000000000000001001100000111111111111111111111,
00000000000000000000000000000001001100000011111111111111111111,
00000000000000000000000000000001001011111111111111111111111111,
00000000000000000000000000000001001011111011111111111111111111,
00000000000000000000000000000001001011110111111111111111111111,
00000000000000000000000000000001001011110011111111111111111111,
00000000000000000000000000000001001011101111111111111111111111,
00000000000000000000000000000001001011101011111111111111111111,
00000000000000000000000000000001001011100111111111111111111111,
00000000000000000000000000000001001011100011111111111111111111,
00000000000000000000000000000001001011011111111111111111111111,
00000000000000000000000000000001001011011011111111111111111111,
00000000000000000000000000000001001011010111111111111111111111,
00000000000000000000000000000001001011010011111111111111111111,
00000000000000000000000000000001001011001111111111111111111111,
00000000000000000000000000000001001011001011111111111111111111,
00000000000000000000000000000001001011000111111111111111111111,
00000000000000000000000000000001001011000011111111111111111111,
00000000000000000000000000000001001010111111111111111111111111,
00000000000000000000000000000001001010111011111111111111111111,
00000000000000000000000000000001001010110111111111111111111111,
00000000000000000000000000000001001010110011111111111111111111,
00000000000000000000000000000001001010101111111111111111111111,
00000000000000000000000000000001001010101011111111111111111111,
00000000000000000000000000000001001010100111111111111111111111,
00000000000000000000000000000001001010100011111111111111111111,
00000000000000000000000000000001001010011111111111111111111111,
00000000000000000000000000000001001010011011111111111111111111,
00000000000000000000000000000001001010010111111111111111111111,
00000000000000000000000000000001001010010011111111111111111111,
00000000000000000000000000000001001010001111111111111111111111,
00000000000000000000000000000001001010001011111111111111111111,
00000000000000000000000000000001001010000111111111111111111111,
00000000000000000000000000000001001010000011111111111111111111,
00000000000000000000000000000001001001111111111111111111111111,
00000000000000000000000000000001001001111011111111111111111111,
00000000000000000000000000000001001001110111111111111111111111,
00000000000000000000000000000001001001110011111111111111111111,
00000000000000000000000000000001001001101111111111111111111111,
00000000000000000000000000000001001001101011111111111111111111,
00000000000000000000000000000001001001100111111111111111111111,
00000000000000000000000000000001001001100011111111111111111111,
00000000000000000000000000000001001001011111111111111111111111,
00000000000000000000000000000001001001011011111111111111111111,
00000000000000000000000000000001001001010111111111111111111111,
00000000000000000000000000000001001001010011111111111111111111,
00000000000000000000000000000001001001001111111111111111111111,
00000000000000000000000000000001001001001011111111111111111111,
00000000000000000000000000000001001001000111111111111111111111,
00000000000000000000000000000001001001000011111111111111111111,
00000000000000000000000000000001001000111111111111111111111111,
00000000000000000000000000000001001000111011111111111111111111,
00000000000000000000000000000001001000110111111111111111111111,
00000000000000000000000000000001001000110011111111111111111111,
00000000000000000000000000000001001000101111111111111111111111,
00000000000000000000000000000001001000101011111111111111111111,
00000000000000000000000000000001001000100111111111111111111111,
00000000000000000000000000000001001000100011111111111111111111,
00000000000000000000000000000001001000011111111111111111111111,
00000000000000000000000000000001001000011011111111111111111111,
00000000000000000000000000000001001000010111111111111111111111,
00000000000000000000000000000001001000010011111111111111111111,
00000000000000000000000000000001001000001111111111111111111111,
00000000000000000000000000000001001000001011111111111111111111,
00000000000000000000000000000001001000000111111111111111111111,
00000000000000000000000000000001001000000011111111111111111111,
00000000000000000000000000000001000111111111111111111111111111,
00000000000000000000000000000001000111111011111111111111111111,
00000000000000000000000000000001000111110111111111111111111111,
00000000000000000000000000000001000111110011111111111111111111,
00000000000000000000000000000001000111101111111111111111111111,
00000000000000000000000000000001000111101011111111111111111111,
00000000000000000000000000000001000111100111111111111111111111,
00000000000000000000000000000001000111100011111111111111111111,
00000000000000000000000000000001000111011111111111111111111111,
00000000000000000000000000000001000111011011111111111111111111,
00000000000000000000000000000001000111010111111111111111111111,
00000000000000000000000000000001000111010011111111111111111111,
00000000000000000000000000000001000111001111111111111111111111,
00000000000000000000000000000001000111001011111111111111111111,
00000000000000000000000000000001000111000111111111111111111111,
00000000000000000000000000000001000111000011111111111111111111,
00000000000000000000000000000001000110111111111111111111111111,
00000000000000000000000000000001000110111011111111111111111111,
00000000000000000000000000000001000110110111111111111111111111,
00000000000000000000000000000001000110110011111111111111111111,
00000000000000000000000000000001000110101111111111111111111111,
00000000000000000000000000000001000110101011111111111111111111,
00000000000000000000000000000001000110100111111111111111111111,
00000000000000000000000000000001000110100011111111111111111111,
00000000000000000000000000000001000110011111111111111111111111,
00000000000000000000000000000001000110011011111111111111111111,
00000000000000000000000000000001000110010111111111111111111111,
00000000000000000000000000000001000110010011111111111111111111,
00000000000000000000000000000001000110001111111111111111111111,
00000000000000000000000000000001000110001011111111111111111111,
00000000000000000000000000000001000110000111111111111111111111,
00000000000000000000000000000001000110000011111111111111111111,
00000000000000000000000000000001000101111111111111111111111111,
00000000000000000000000000000001000101111011111111111111111111,
00000000000000000000000000000001000101110111111111111111111111,
00000000000000000000000000000001000101110011111111111111111111,
00000000000000000000000000000001000101101111111111111111111111,
00000000000000000000000000000001000101101011111111111111111111,
00000000000000000000000000000001000101100111111111111111111111,
00000000000000000000000000000001000101100011111111111111111111,
00000000000000000000000000000001000101011111111111111111111111,
00000000000000000000000000000001000101011011111111111111111111,
00000000000000000000000000000001000101010111111111111111111111,
00000000000000000000000000000001000101010011111111111111111111,
00000000000000000000000000000001000101001111111111111111111111,
00000000000000000000000000000001000101001011111111111111111111,
00000000000000000000000000000001000101000111111111111111111111,
00000000000000000000000000000001000101000011111111111111111111,
00000000000000000000000000000001000100111111111111111111111111,
00000000000000000000000000000001000100111011111111111111111111,
00000000000000000000000000000001000100110111111111111111111111,
00000000000000000000000000000001000100110011111111111111111111,
00000000000000000000000000000001000100101111111111111111111111,
00000000000000000000000000000001000100101011111111111111111111,
00000000000000000000000000000001000100100111111111111111111111,
00000000000000000000000000000001000100100011111111111111111111,
00000000000000000000000000000001000100011111111111111111111111,
00000000000000000000000000000001000100011011111111111111111111,
00000000000000000000000000000001000100010111111111111111111111,
00000000000000000000000000000001000100010011111111111111111111,
00000000000000000000000000000001000100001111111111111111111111,
00000000000000000000000000000001000100001011111111111111111111,
00000000000000000000000000000001000100000111111111111111111111,
00000000000000000000000000000001000100000011111111111111111111,
00000000000000000000000000000001000011111111111111111111111111,
00000000000000000000000000000001000011111011111111111111111111,
00000000000000000000000000000001000011110111111111111111111111,
00000000000000000000000000000001000011110011111111111111111111,
00000000000000000000000000000001000011101111111111111111111111,
00000000000000000000000000000001000011101011111111111111111111,
00000000000000000000000000000001000011100111111111111111111111,
00000000000000000000000000000001000011100011111111111111111111,
00000000000000000000000000000001000011011111111111111111111111,
00000000000000000000000000000001000011011011111111111111111111,
00000000000000000000000000000001000011010111111111111111111111,
00000000000000000000000000000001000011010011111111111111111111,
00000000000000000000000000000001000011001111111111111111111111,
00000000000000000000000000000001000011001011111111111111111111,
00000000000000000000000000000001000011000111111111111111111111,
00000000000000000000000000000001000011000011111111111111111111,
00000000000000000000000000000001000010111111111111111111111111,
00000000000000000000000000000001000010111011111111111111111111,
00000000000000000000000000000001000010110111111111111111111111,
00000000000000000000000000000001000010110011111111111111111111,
00000000000000000000000000000001000010101111111111111111111111,
00000000000000000000000000000001000010101011111111111111111111,
00000000000000000000000000000001000010100111111111111111111111,
00000000000000000000000000000001000010100011111111111111111111,
00000000000000000000000000000001000010011111111111111111111111,
00000000000000000000000000000001000010011011111111111111111111,
00000000000000000000000000000001000010010111111111111111111111,
00000000000000000000000000000001000010010011111111111111111111,
00000000000000000000000000000001000010001111111111111111111111,
00000000000000000000000000000001000010001011111111111111111111,
00000000000000000000000000000001000010000111111111111111111111,
00000000000000000000000000000001000010000011111111111111111111,
00000000000000000000000000000001000001111111111111111111111111,
00000000000000000000000000000001000001111011111111111111111111,
00000000000000000000000000000001000001110111111111111111111111,
00000000000000000000000000000001000001110011111111111111111111,
00000000000000000000000000000001000001101111111111111111111111,
00000000000000000000000000000001000001101011111111111111111111,
00000000000000000000000000000001000001100111111111111111111111,
00000000000000000000000000000001000001100011111111111111111111,
00000000000000000000000000000001000001011111111111111111111111,
00000000000000000000000000000001000001011011111111111111111111,
00000000000000000000000000000001000001010111111111111111111111,
00000000000000000000000000000001000001010011111111111111111111,
00000000000000000000000000000001000001001111111111111111111111,
00000000000000000000000000000001000001001011111111111111111111,
00000000000000000000000000000001000001000111111111111111111111,
00000000000000000000000000000001000001000011111111111111111111,
00000000000000000000000000000001000000111111111111111111111111,
00000000000000000000000000000001000000111011111111111111111111,
00000000000000000000000000000001000000110111111111111111111111,
00000000000000000000000000000001000000110011111111111111111111,
00000000000000000000000000000001000000101111111111111111111111,
00000000000000000000000000000001000000101011111111111111111111,
00000000000000000000000000000001000000100111111111111111111111,
00000000000000000000000000000001000000100011111111111111111111,
00000000000000000000000000000001000000011111111111111111111111,
00000000000000000000000000000001000000011011111111111111111111,
00000000000000000000000000000001000000010111111111111111111111,
00000000000000000000000000000001000000010011111111111111111111,
00000000000000000000000000000001000000001111111111111111111111,
00000000000000000000000000000001000000001011111111111111111111,
00000000000000000000000000000001000000000111111111111111111111,
00000000000000000000000000000001000000000011111111111111111111,
00000000000000000000000000000000111111111111111111111111111111,
00000000000000000000000000000000111111111011111111111111111111,
00000000000000000000000000000000111111110111111111111111111111,
00000000000000000000000000000000111111110011111111111111111111,
00000000000000000000000000000000111111101111111111111111111111,
00000000000000000000000000000000111111101011111111111111111111,
00000000000000000000000000000000111111100111111111111111111111,
00000000000000000000000000000000111111100011111111111111111111,
00000000000000000000000000000000111111011111111111111111111111,
00000000000000000000000000000000111111011011111111111111111111,
00000000000000000000000000000000111111010111111111111111111111,
00000000000000000000000000000000111111010011111111111111111111,
00000000000000000000000000000000111111001111111111111111111111,
00000000000000000000000000000000111111001011111111111111111111,
00000000000000000000000000000000111111000111111111111111111111,
00000000000000000000000000000000111111000011111111111111111111,
00000000000000000000000000000000111110111111111111111111111111,
00000000000000000000000000000000111110111011111111111111111111,
00000000000000000000000000000000111110110111111111111111111111,
00000000000000000000000000000000111110110011111111111111111111,
00000000000000000000000000000000111110101111111111111111111111,
00000000000000000000000000000000111110101011111111111111111111,
00000000000000000000000000000000111110100111111111111111111111,
00000000000000000000000000000000111110100011111111111111111111,
00000000000000000000000000000000111110011111111111111111111111,
00000000000000000000000000000000111110011011111111111111111111,
00000000000000000000000000000000111110010111111111111111111111,
00000000000000000000000000000000111110010011111111111111111111,
00000000000000000000000000000000111110001111111111111111111111,
00000000000000000000000000000000111110001011111111111111111111,
00000000000000000000000000000000111110000111111111111111111111,
00000000000000000000000000000000111110000011111111111111111111,
00000000000000000000000000000000111101111111111111111111111111,
00000000000000000000000000000000111101111011111111111111111111,
00000000000000000000000000000000111101110111111111111111111111,
00000000000000000000000000000000111101110011111111111111111111,
00000000000000000000000000000000111101101111111111111111111111,
00000000000000000000000000000000111101101011111111111111111111,
00000000000000000000000000000000111101100111111111111111111111,
00000000000000000000000000000000111101100011111111111111111111,
00000000000000000000000000000000111101011111111111111111111111,
00000000000000000000000000000000111101011011111111111111111111,
00000000000000000000000000000000111101010111111111111111111111,
00000000000000000000000000000000111101010011111111111111111111,
00000000000000000000000000000000111101001111111111111111111111,
00000000000000000000000000000000111101001011111111111111111111,
00000000000000000000000000000000111101000111111111111111111111,
00000000000000000000000000000000111101000011111111111111111111,
00000000000000000000000000000000111100111111111111111111111111,
00000000000000000000000000000000111100111011111111111111111111,
00000000000000000000000000000000111100110111111111111111111111,
00000000000000000000000000000000111100110011111111111111111111,
00000000000000000000000000000000111100101111111111111111111111,
00000000000000000000000000000000111100101011111111111111111111,
00000000000000000000000000000000111100100111111111111111111111,
00000000000000000000000000000000111100100011111111111111111111,
00000000000000000000000000000000111100011111111111111111111111,
00000000000000000000000000000000111100011011111111111111111111,
00000000000000000000000000000000111100010111111111111111111111,
00000000000000000000000000000000111100010011111111111111111111,
00000000000000000000000000000000111100001111111111111111111111,
00000000000000000000000000000000111100001011111111111111111111,
00000000000000000000000000000000111100000111111111111111111111,
00000000000000000000000000000000111100000011111111111111111111,
00000000000000000000000000000000111011111111111111111111111111,
00000000000000000000000000000000111011111011111111111111111111,
00000000000000000000000000000000111011110111111111111111111111,
00000000000000000000000000000000111011110011111111111111111111,
00000000000000000000000000000000111011101111111111111111111111,
00000000000000000000000000000000111011101011111111111111111111,
00000000000000000000000000000000111011100111111111111111111111,
00000000000000000000000000000000111011100011111111111111111111,
00000000000000000000000000000000111011011111111111111111111111,
00000000000000000000000000000000111011011011111111111111111111,
00000000000000000000000000000000111011010111111111111111111111,
00000000000000000000000000000000111011010011111111111111111111,
00000000000000000000000000000000111011001111111111111111111111,
00000000000000000000000000000000111011001011111111111111111111,
00000000000000000000000000000000111011000111111111111111111111,
00000000000000000000000000000000111011000011111111111111111111,
00000000000000000000000000000000111010111111111111111111111111,
00000000000000000000000000000000111010111011111111111111111111,
00000000000000000000000000000000111010110111111111111111111111,
00000000000000000000000000000000111010110011111111111111111111,
00000000000000000000000000000000111010101111111111111111111111,
00000000000000000000000000000000111010101011111111111111111111,
00000000000000000000000000000000111010100111111111111111111111,
00000000000000000000000000000000111010100011111111111111111111,
00000000000000000000000000000000111010011111111111111111111111,
00000000000000000000000000000000111010011011111111111111111111,
00000000000000000000000000000000111010010111111111111111111111,
00000000000000000000000000000000111010010011111111111111111111,
00000000000000000000000000000000111010001111111111111111111111,
00000000000000000000000000000000111010001011111111111111111111,
00000000000000000000000000000000111010000111111111111111111111,
00000000000000000000000000000000111010000011111111111111111111,
00000000000000000000000000000000111001111111111111111111111111,
00000000000000000000000000000000111001111011111111111111111111,
00000000000000000000000000000000111001110111111111111111111111,
00000000000000000000000000000000111001110011111111111111111111,
00000000000000000000000000000000111001101111111111111111111111,
00000000000000000000000000000000111001101011111111111111111111,
00000000000000000000000000000000111001100111111111111111111111,
00000000000000000000000000000000111001100011111111111111111111,
00000000000000000000000000000000111001011111111111111111111111,
00000000000000000000000000000000111001011011111111111111111111,
00000000000000000000000000000000111001010111111111111111111111,
00000000000000000000000000000000111001010011111111111111111111,
00000000000000000000000000000000111001001111111111111111111111,
00000000000000000000000000000000111001001011111111111111111111,
00000000000000000000000000000000111001000111111111111111111111,
00000000000000000000000000000000111001000011111111111111111111,
00000000000000000000000000000000111000111111111111111111111111,
00000000000000000000000000000000111000111011111111111111111111,
00000000000000000000000000000000111000110111111111111111111111,
00000000000000000000000000000000111000110011111111111111111111,
00000000000000000000000000000000111000101111111111111111111111,
00000000000000000000000000000000111000101011111111111111111111,
00000000000000000000000000000000111000100111111111111111111111,
00000000000000000000000000000000111000100011111111111111111111,
00000000000000000000000000000000111000011111111111111111111111,
00000000000000000000000000000000111000011011111111111111111111,
00000000000000000000000000000000111000010111111111111111111111,
00000000000000000000000000000000111000010011111111111111111111,
00000000000000000000000000000000111000001111111111111111111111,
00000000000000000000000000000000111000001011111111111111111111,
00000000000000000000000000000000111000000111111111111111111111,
00000000000000000000000000000000111000000011111111111111111111,
00000000000000000000000000000000110111111111111111111111111111,
00000000000000000000000000000000110111111011111111111111111111,
00000000000000000000000000000000110111110111111111111111111111,
00000000000000000000000000000000110111110011111111111111111111,
00000000000000000000000000000000110111101111111111111111111111,
00000000000000000000000000000000110111101011111111111111111111,
00000000000000000000000000000000110111100111111111111111111111,
00000000000000000000000000000000110111100011111111111111111111,
00000000000000000000000000000000110111011111111111111111111111,
00000000000000000000000000000000110111011011111111111111111111,
00000000000000000000000000000000110111010111111111111111111111,
00000000000000000000000000000000110111010011111111111111111111,
00000000000000000000000000000000110111001111111111111111111111,
00000000000000000000000000000000110111001011111111111111111111,
00000000000000000000000000000000110111000111111111111111111111,
00000000000000000000000000000000110111000011111111111111111111,
00000000000000000000000000000000110110111111111111111111111111,
00000000000000000000000000000000110110111011111111111111111111,
00000000000000000000000000000000110110110111111111111111111111,
00000000000000000000000000000000110110110011111111111111111111,
00000000000000000000000000000000110110101111111111111111111111,
00000000000000000000000000000000110110101011111111111111111111,
00000000000000000000000000000000110110100111111111111111111111,
00000000000000000000000000000000110110100011111111111111111111,
00000000000000000000000000000000110110011111111111111111111111,
00000000000000000000000000000000110110011011111111111111111111,
00000000000000000000000000000000110110010111111111111111111111,
00000000000000000000000000000000110110010011111111111111111111,
00000000000000000000000000000000110110001111111111111111111111,
00000000000000000000000000000000110110001011111111111111111111,
00000000000000000000000000000000110110000111111111111111111111,
00000000000000000000000000000000110110000011111111111111111111,
00000000000000000000000000000000110101111111111111111111111111,
00000000000000000000000000000000110101111011111111111111111111,
00000000000000000000000000000000110101110111111111111111111111,
00000000000000000000000000000000110101110011111111111111111111,
00000000000000000000000000000000110101101111111111111111111111,
00000000000000000000000000000000110101101011111111111111111111,
00000000000000000000000000000000110101100111111111111111111111,
00000000000000000000000000000000110101100011111111111111111111,
00000000000000000000000000000000110101011111111111111111111111,
00000000000000000000000000000000110101011011111111111111111111,
00000000000000000000000000000000110101010111111111111111111111,
00000000000000000000000000000000110101010011111111111111111111,
00000000000000000000000000000000110101001111111111111111111111,
00000000000000000000000000000000110101001011111111111111111111,
00000000000000000000000000000000110101000111111111111111111111,
00000000000000000000000000000000110101000011111111111111111111,
00000000000000000000000000000000110100111111111111111111111111,
00000000000000000000000000000000110100111011111111111111111111,
00000000000000000000000000000000110100110111111111111111111111,
00000000000000000000000000000000110100110011111111111111111111,
00000000000000000000000000000000110100101111111111111111111111,
00000000000000000000000000000000110100101011111111111111111111,
00000000000000000000000000000000110100100111111111111111111111,
00000000000000000000000000000000110100100011111111111111111111,
00000000000000000000000000000000110100011111111111111111111111,
00000000000000000000000000000000110100011011111111111111111111,
00000000000000000000000000000000110100010111111111111111111111,
00000000000000000000000000000000110100010011111111111111111111,
00000000000000000000000000000000110100001111111111111111111111,
00000000000000000000000000000000110100001011111111111111111111,
00000000000000000000000000000000110100000111111111111111111111,
00000000000000000000000000000000110100000011111111111111111111,
00000000000000000000000000000000110011111111111111111111111111,
00000000000000000000000000000000110011111011111111111111111111,
00000000000000000000000000000000110011110111111111111111111111,
00000000000000000000000000000000110011110011111111111111111111,
00000000000000000000000000000000110011101111111111111111111111,
00000000000000000000000000000000110011101011111111111111111111,
00000000000000000000000000000000110011100111111111111111111111,
00000000000000000000000000000000110011100011111111111111111111,
00000000000000000000000000000000110011011111111111111111111111,
00000000000000000000000000000000110011011011111111111111111111,
00000000000000000000000000000000110011010111111111111111111111,
00000000000000000000000000000000110011010011111111111111111111,
00000000000000000000000000000000110011001111111111111111111111,
00000000000000000000000000000000110011001011111111111111111111,
00000000000000000000000000000000110011000111111111111111111111,
00000000000000000000000000000000110011000011111111111111111111,
00000000000000000000000000000000110010111111111111111111111111,
00000000000000000000000000000000110010111011111111111111111111,
00000000000000000000000000000000110010110111111111111111111111,
00000000000000000000000000000000110010110011111111111111111111,
00000000000000000000000000000000110010101111111111111111111111,
00000000000000000000000000000000110010101011111111111111111111,
00000000000000000000000000000000110010100111111111111111111111,
00000000000000000000000000000000110010100011111111111111111111,
00000000000000000000000000000000110010011111111111111111111111,
00000000000000000000000000000000110010011011111111111111111111,
00000000000000000000000000000000110010010111111111111111111111,
00000000000000000000000000000000110010010011111111111111111111,
00000000000000000000000000000000110010001111111111111111111111,
00000000000000000000000000000000110010001011111111111111111111,
00000000000000000000000000000000110010000111111111111111111111,
00000000000000000000000000000000110010000011111111111111111111,
00000000000000000000000000000000110001111111111111111111111111,
00000000000000000000000000000000110001111011111111111111111111,
00000000000000000000000000000000110001110111111111111111111111,
00000000000000000000000000000000110001110011111111111111111111,
00000000000000000000000000000000110001101111111111111111111111,
00000000000000000000000000000000110001101011111111111111111111,
00000000000000000000000000000000110001100111111111111111111111,
00000000000000000000000000000000110001100011111111111111111111,
00000000000000000000000000000000110001011111111111111111111111,
00000000000000000000000000000000110001011011111111111111111111,
00000000000000000000000000000000110001010111111111111111111111,
00000000000000000000000000000000110001010011111111111111111111,
00000000000000000000000000000000110001001111111111111111111111,
00000000000000000000000000000000110001001011111111111111111111,
00000000000000000000000000000000110001000111111111111111111111,
00000000000000000000000000000000110001000011111111111111111111,
00000000000000000000000000000000110000111111111111111111111111,
00000000000000000000000000000000110000111011111111111111111111,
00000000000000000000000000000000110000110111111111111111111111,
00000000000000000000000000000000110000110011111111111111111111,
00000000000000000000000000000000110000101111111111111111111111,
00000000000000000000000000000000110000101011111111111111111111,
00000000000000000000000000000000110000100111111111111111111111,
00000000000000000000000000000000110000100011111111111111111111,
00000000000000000000000000000000110000011111111111111111111111,
00000000000000000000000000000000110000011011111111111111111111,
00000000000000000000000000000000110000010111111111111111111111,
00000000000000000000000000000000110000010011111111111111111111,
00000000000000000000000000000000110000001111111111111111111111,
00000000000000000000000000000000110000001011111111111111111111,
00000000000000000000000000000000110000000111111111111111111111,
00000000000000000000000000000000110000000011111111111111111111,
00000000000000000000000000000000101111111111111111111111111111,
00000000000000000000000000000000101111111011111111111111111111,
00000000000000000000000000000000101111110111111111111111111111,
00000000000000000000000000000000101111110011111111111111111111,
00000000000000000000000000000000101111101111111111111111111111,
00000000000000000000000000000000101111101011111111111111111111,
00000000000000000000000000000000101111100111111111111111111111,
00000000000000000000000000000000101111100011111111111111111111,
00000000000000000000000000000000101111011111111111111111111111,
00000000000000000000000000000000101111011011111111111111111111,
00000000000000000000000000000000101111010111111111111111111111,
00000000000000000000000000000000101111010011111111111111111111,
00000000000000000000000000000000101111001111111111111111111111,
00000000000000000000000000000000101111001011111111111111111111,
00000000000000000000000000000000101111000111111111111111111111,
00000000000000000000000000000000101111000011111111111111111111,
00000000000000000000000000000000101110111111111111111111111111,
00000000000000000000000000000000101110111011111111111111111111,
00000000000000000000000000000000101110110111111111111111111111,
00000000000000000000000000000000101110110011111111111111111111,
00000000000000000000000000000000101110101111111111111111111111,
00000000000000000000000000000000101110101011111111111111111111,
00000000000000000000000000000000101110100111111111111111111111,
00000000000000000000000000000000101110100011111111111111111111,
00000000000000000000000000000000101110011111111111111111111111,
00000000000000000000000000000000101110011011111111111111111111,
00000000000000000000000000000000101110010111111111111111111111,
00000000000000000000000000000000101110010011111111111111111111,
00000000000000000000000000000000101110001111111111111111111111,
00000000000000000000000000000000101110001011111111111111111111,
00000000000000000000000000000000101110000111111111111111111111,
00000000000000000000000000000000101110000011111111111111111111,
00000000000000000000000000000000101101111111111111111111111111,
00000000000000000000000000000000101101111011111111111111111111,
00000000000000000000000000000000101101110111111111111111111111,
00000000000000000000000000000000101101110011111111111111111111,
00000000000000000000000000000000101101101111111111111111111111,
00000000000000000000000000000000101101101011111111111111111111,
00000000000000000000000000000000101101100111111111111111111111,
00000000000000000000000000000000101101100011111111111111111111,
00000000000000000000000000000000101101011111111111111111111111,
00000000000000000000000000000000101101011011111111111111111111,
00000000000000000000000000000000101101010111111111111111111111,
00000000000000000000000000000000101101010011111111111111111111,
00000000000000000000000000000000101101001111111111111111111111,
00000000000000000000000000000000101101001011111111111111111111,
00000000000000000000000000000000101101000111111111111111111111,
00000000000000000000000000000000101101000011111111111111111111,
00000000000000000000000000000000101100111111111111111111111111,
00000000000000000000000000000000101100111011111111111111111111,
00000000000000000000000000000000101100110111111111111111111111,
00000000000000000000000000000000101100110011111111111111111111,
00000000000000000000000000000000101100101111111111111111111111,
00000000000000000000000000000000101100101011111111111111111111,
00000000000000000000000000000000101100100111111111111111111111,
00000000000000000000000000000000101100100011111111111111111111,
00000000000000000000000000000000101100011111111111111111111111,
00000000000000000000000000000000101100011011111111111111111111,
00000000000000000000000000000000101100010111111111111111111111,
00000000000000000000000000000000101100010011111111111111111111,
00000000000000000000000000000000101100001111111111111111111111,
00000000000000000000000000000000101100001011111111111111111111,
00000000000000000000000000000000101100000111111111111111111111,
00000000000000000000000000000000101100000011111111111111111111,
00000000000000000000000000000000101011111111111111111111111111,
00000000000000000000000000000000101011111011111111111111111111,
00000000000000000000000000000000101011110111111111111111111111,
00000000000000000000000000000000101011110011111111111111111111,
00000000000000000000000000000000101011101111111111111111111111,
00000000000000000000000000000000101011101011111111111111111111,
00000000000000000000000000000000101011100111111111111111111111,
00000000000000000000000000000000101011100011111111111111111111,
00000000000000000000000000000000101011011111111111111111111111,
00000000000000000000000000000000101011011011111111111111111111,
00000000000000000000000000000000101011010111111111111111111111,
00000000000000000000000000000000101011010011111111111111111111,
00000000000000000000000000000000101011001111111111111111111111,
00000000000000000000000000000000101011001011111111111111111111,
00000000000000000000000000000000101011000111111111111111111111,
00000000000000000000000000000000101011000011111111111111111111,
00000000000000000000000000000000101010111111111111111111111111,
00000000000000000000000000000000101010111011111111111111111111,
00000000000000000000000000000000101010110111111111111111111111,
00000000000000000000000000000000101010110011111111111111111111,
00000000000000000000000000000000101010101111111111111111111111,
00000000000000000000000000000000101010101011111111111111111111,
00000000000000000000000000000000101010100111111111111111111111,
00000000000000000000000000000000101010100011111111111111111111,
00000000000000000000000000000000101010011111111111111111111111,
00000000000000000000000000000000101010011011111111111111111111,
00000000000000000000000000000000101010010111111111111111111111,
00000000000000000000000000000000101010010011111111111111111111,
00000000000000000000000000000000101010001111111111111111111111,
00000000000000000000000000000000101010001011111111111111111111,
00000000000000000000000000000000101010000111111111111111111111,
00000000000000000000000000000000101010000011111111111111111111,
00000000000000000000000000000000101001111111111111111111111111,
00000000000000000000000000000000101001111011111111111111111111,
00000000000000000000000000000000101001110111111111111111111111,
00000000000000000000000000000000101001110011111111111111111111,
00000000000000000000000000000000101001101111111111111111111111,
00000000000000000000000000000000101001101011111111111111111111,
00000000000000000000000000000000101001100111111111111111111111,
00000000000000000000000000000000101001100011111111111111111111,
00000000000000000000000000000000101001011111111111111111111111,
00000000000000000000000000000000101001011011111111111111111111,
00000000000000000000000000000000101001010111111111111111111111,
00000000000000000000000000000000101001010011111111111111111111,
00000000000000000000000000000000101001001111111111111111111111,
00000000000000000000000000000000101001001011111111111111111111,
00000000000000000000000000000000101001000111111111111111111111,
00000000000000000000000000000000101001000011111111111111111111,
00000000000000000000000000000000101000111111111111111111111111,
00000000000000000000000000000000101000111011111111111111111111,
00000000000000000000000000000000101000110111111111111111111111,
00000000000000000000000000000000101000110011111111111111111111,
00000000000000000000000000000000101000101111111111111111111111,
00000000000000000000000000000000101000101011111111111111111111,
00000000000000000000000000000000101000100111111111111111111111,
00000000000000000000000000000000101000100011111111111111111111,
00000000000000000000000000000000101000011111111111111111111111,
00000000000000000000000000000000101000011011111111111111111111,
00000000000000000000000000000000101000010111111111111111111111,
00000000000000000000000000000000101000010011111111111111111111,
00000000000000000000000000000000101000001111111111111111111111,
00000000000000000000000000000000101000001011111111111111111111,
00000000000000000000000000000000101000000111111111111111111111,
00000000000000000000000000000000101000000011111111111111111111,
00000000000000000000000000000000100111111111111111111111111111,
00000000000000000000000000000000100111111011111111111111111111,
00000000000000000000000000000000100111110111111111111111111111,
00000000000000000000000000000000100111110011111111111111111111,
00000000000000000000000000000000100111101111111111111111111111,
00000000000000000000000000000000100111101011111111111111111111,
00000000000000000000000000000000100111100111111111111111111111,
00000000000000000000000000000000100111100011111111111111111111,
00000000000000000000000000000000100111011111111111111111111111,
00000000000000000000000000000000100111011011111111111111111111,
00000000000000000000000000000000100111010111111111111111111111,
00000000000000000000000000000000100111010011111111111111111111,
00000000000000000000000000000000100111001111111111111111111111,
00000000000000000000000000000000100111001011111111111111111111,
00000000000000000000000000000000100111000111111111111111111111,
00000000000000000000000000000000100111000011111111111111111111,
00000000000000000000000000000000100110111111111111111111111111,
00000000000000000000000000000000100110111011111111111111111111,
00000000000000000000000000000000100110110111111111111111111111,
00000000000000000000000000000000100110110011111111111111111111,
00000000000000000000000000000000100110101111111111111111111111,
00000000000000000000000000000000100110101011111111111111111111,
00000000000000000000000000000000100110100111111111111111111111,
00000000000000000000000000000000100110100011111111111111111111,
00000000000000000000000000000000100110011111111111111111111111,
00000000000000000000000000000000100110011011111111111111111111,
00000000000000000000000000000000100110010111111111111111111111,
00000000000000000000000000000000100110010011111111111111111111,
00000000000000000000000000000000100110001111111111111111111111,
00000000000000000000000000000000100110001011111111111111111111,
00000000000000000000000000000000100110000111111111111111111111,
00000000000000000000000000000000100110000011111111111111111111,
00000000000000000000000000000000100101111111111111111111111111,
00000000000000000000000000000000100101111011111111111111111111,
00000000000000000000000000000000100101110111111111111111111111,
00000000000000000000000000000000100101110011111111111111111111,
00000000000000000000000000000000100101101111111111111111111111,
00000000000000000000000000000000100101101011111111111111111111,
00000000000000000000000000000000100101100111111111111111111111,
00000000000000000000000000000000100101100011111111111111111111,
00000000000000000000000000000000100101011111111111111111111111,
00000000000000000000000000000000100101011011111111111111111111,
00000000000000000000000000000000100101010111111111111111111111,
00000000000000000000000000000000100101010011111111111111111111,
00000000000000000000000000000000100101001111111111111111111111,
00000000000000000000000000000000100101001011111111111111111111,
00000000000000000000000000000000100101000111111111111111111111,
00000000000000000000000000000000100101000011111111111111111111,
00000000000000000000000000000000100100111111111111111111111111,
00000000000000000000000000000000100100111011111111111111111111,
00000000000000000000000000000000100100110111111111111111111111,
00000000000000000000000000000000100100110011111111111111111111,
00000000000000000000000000000000100100101111111111111111111111,
00000000000000000000000000000000100100101011111111111111111111,
00000000000000000000000000000000100100100111111111111111111111,
00000000000000000000000000000000100100100011111111111111111111,
00000000000000000000000000000000100100011111111111111111111111,
00000000000000000000000000000000100100011011111111111111111111,
00000000000000000000000000000000100100010111111111111111111111,
00000000000000000000000000000000100100010011111111111111111111,
00000000000000000000000000000000100100001111111111111111111111,
00000000000000000000000000000000100100001011111111111111111111,
00000000000000000000000000000000100100000111111111111111111111,
00000000000000000000000000000000100100000011111111111111111111,
00000000000000000000000000000000100011111111111111111111111111,
00000000000000000000000000000000100011111011111111111111111111,
00000000000000000000000000000000100011110111111111111111111111,
00000000000000000000000000000000100011110011111111111111111111,
00000000000000000000000000000000100011101111111111111111111111,
00000000000000000000000000000000100011101011111111111111111111,
00000000000000000000000000000000100011100111111111111111111111,
00000000000000000000000000000000100011100011111111111111111111,
00000000000000000000000000000000100011011111111111111111111111,
00000000000000000000000000000000100011011011111111111111111111,
00000000000000000000000000000000100011010111111111111111111111,
00000000000000000000000000000000100011010011111111111111111111,
00000000000000000000000000000000100011001111111111111111111111,
00000000000000000000000000000000100011001011111111111111111111,
00000000000000000000000000000000100011000111111111111111111111,
00000000000000000000000000000000100011000011111111111111111111,
00000000000000000000000000000000100010111111111111111111111111,
00000000000000000000000000000000100010111011111111111111111111,
00000000000000000000000000000000100010110111111111111111111111,
00000000000000000000000000000000100010110011111111111111111111,
00000000000000000000000000000000100010101111111111111111111111,
00000000000000000000000000000000100010101011111111111111111111,
00000000000000000000000000000000100010100111111111111111111111,
00000000000000000000000000000000100010100011111111111111111111,
00000000000000000000000000000000100010011111111111111111111111,
00000000000000000000000000000000100010011011111111111111111111,
00000000000000000000000000000000100010010111111111111111111111,
00000000000000000000000000000000100010010011111111111111111111,
00000000000000000000000000000000100010001111111111111111111111,
00000000000000000000000000000000100010001011111111111111111111,
00000000000000000000000000000000100010000111111111111111111111,
00000000000000000000000000000000100010000011111111111111111111,
00000000000000000000000000000000100001111111111111111111111111,
00000000000000000000000000000000100001111011111111111111111111,
00000000000000000000000000000000100001110111111111111111111111,
00000000000000000000000000000000100001110011111111111111111111,
00000000000000000000000000000000100001101111111111111111111111,
00000000000000000000000000000000100001101011111111111111111111,
00000000000000000000000000000000100001100111111111111111111111,
00000000000000000000000000000000100001100011111111111111111111,
00000000000000000000000000000000100001011111111111111111111111,
00000000000000000000000000000000100001011011111111111111111111,
00000000000000000000000000000000100001010111111111111111111111,
00000000000000000000000000000000100001010011111111111111111111,
00000000000000000000000000000000100001001111111111111111111111,
00000000000000000000000000000000100001001011111111111111111111,
00000000000000000000000000000000100001000111111111111111111111,
00000000000000000000000000000000100001000011111111111111111111,
00000000000000000000000000000000100000111111111111111111111111,
00000000000000000000000000000000100000111011111111111111111111,
00000000000000000000000000000000100000110111111111111111111111,
00000000000000000000000000000000100000110011111111111111111111,
00000000000000000000000000000000100000101111111111111111111111,
00000000000000000000000000000000100000101011111111111111111111,
00000000000000000000000000000000100000100111111111111111111111,
00000000000000000000000000000000100000100011111111111111111111,
00000000000000000000000000000000100000011111111111111111111111,
00000000000000000000000000000000100000011011111111111111111111,
00000000000000000000000000000000100000010111111111111111111111,
00000000000000000000000000000000100000010011111111111111111111,
00000000000000000000000000000000100000001111111111111111111111,
00000000000000000000000000000000100000001011111111111111111111,
00000000000000000000000000000000100000000111111111111111111111,
00000000000000000000000000000000100000000011111111111111111111,
00000000000000000000000000000000011111111111111111111111111111,
00000000000000000000000000000000011111111011111111111111111111,
00000000000000000000000000000000011111110111111111111111111111,
00000000000000000000000000000000011111110011111111111111111111,
00000000000000000000000000000000011111101111111111111111111111,
00000000000000000000000000000000011111101011111111111111111111,
00000000000000000000000000000000011111100111111111111111111111,
00000000000000000000000000000000011111100011111111111111111111,
00000000000000000000000000000000011111011111111111111111111111,
00000000000000000000000000000000011111011011111111111111111111,
00000000000000000000000000000000011111010111111111111111111111,
00000000000000000000000000000000011111010011111111111111111111,
00000000000000000000000000000000011111001111111111111111111111,
00000000000000000000000000000000011111001011111111111111111111,
00000000000000000000000000000000011111000111111111111111111111,
00000000000000000000000000000000011111000011111111111111111111,
00000000000000000000000000000000011110111111111111111111111111,
00000000000000000000000000000000011110111011111111111111111111,
00000000000000000000000000000000011110110111111111111111111111,
00000000000000000000000000000000011110110011111111111111111111,
00000000000000000000000000000000011110101111111111111111111111,
00000000000000000000000000000000011110101011111111111111111111,
00000000000000000000000000000000011110100111111111111111111111,
00000000000000000000000000000000011110100011111111111111111111,
00000000000000000000000000000000011110011111111111111111111111,
00000000000000000000000000000000011110011011111111111111111111,
00000000000000000000000000000000011110010111111111111111111111,
00000000000000000000000000000000011110010011111111111111111111,
00000000000000000000000000000000011110001111111111111111111111,
00000000000000000000000000000000011110001011111111111111111111,
00000000000000000000000000000000011110000111111111111111111111,
00000000000000000000000000000000011110000011111111111111111111,
00000000000000000000000000000000011101111111111111111111111111,
00000000000000000000000000000000011101111011111111111111111111,
00000000000000000000000000000000011101110111111111111111111111,
00000000000000000000000000000000011101110011111111111111111111,
00000000000000000000000000000000011101101111111111111111111111,
00000000000000000000000000000000011101101011111111111111111111,
00000000000000000000000000000000011101100111111111111111111111,
00000000000000000000000000000000011101100011111111111111111111,
00000000000000000000000000000000011101011111111111111111111111,
00000000000000000000000000000000011101011011111111111111111111,
00000000000000000000000000000000011101010111111111111111111111,
00000000000000000000000000000000011101010011111111111111111111,
00000000000000000000000000000000011101001111111111111111111111,
00000000000000000000000000000000011101001011111111111111111111,
00000000000000000000000000000000011101000111111111111111111111,
00000000000000000000000000000000011101000011111111111111111111,
00000000000000000000000000000000011100111111111111111111111111,
00000000000000000000000000000000011100111011111111111111111111,
00000000000000000000000000000000011100110111111111111111111111,
00000000000000000000000000000000011100110011111111111111111111,
00000000000000000000000000000000011100101111111111111111111111,
00000000000000000000000000000000011100101011111111111111111111,
00000000000000000000000000000000011100100111111111111111111111,
00000000000000000000000000000000011100100011111111111111111111,
00000000000000000000000000000000011100011111111111111111111111,
00000000000000000000000000000000011100011011111111111111111111,
00000000000000000000000000000000011100010111111111111111111111,
00000000000000000000000000000000011100010011111111111111111111,
00000000000000000000000000000000011100001111111111111111111111,
00000000000000000000000000000000011100001011111111111111111111,
00000000000000000000000000000000011100000111111111111111111111,
00000000000000000000000000000000011100000011111111111111111111,
00000000000000000000000000000000011011111111111111111111111111,
00000000000000000000000000000000011011111011111111111111111111,
00000000000000000000000000000000011011110111111111111111111111,
00000000000000000000000000000000011011110011111111111111111111,
00000000000000000000000000000000011011101111111111111111111111,
00000000000000000000000000000000011011101011111111111111111111,
00000000000000000000000000000000011011100111111111111111111111,
00000000000000000000000000000000011011100011111111111111111111,
00000000000000000000000000000000011011011111111111111111111111,
00000000000000000000000000000000011011011011111111111111111111,
00000000000000000000000000000000011011010111111111111111111111,
00000000000000000000000000000000011011010011111111111111111111,
00000000000000000000000000000000011011001111111111111111111111,
00000000000000000000000000000000011011001011111111111111111111,
00000000000000000000000000000000011011000111111111111111111111,
00000000000000000000000000000000011011000011111111111111111111,
00000000000000000000000000000000011010111111111111111111111111,
00000000000000000000000000000000011010111011111111111111111111,
00000000000000000000000000000000011010110111111111111111111111,
00000000000000000000000000000000011010110011111111111111111111,
00000000000000000000000000000000011010101111111111111111111111,
00000000000000000000000000000000011010101011111111111111111111,
00000000000000000000000000000000011010100111111111111111111111,
00000000000000000000000000000000011010100011111111111111111111,
00000000000000000000000000000000011010011111111111111111111111,
00000000000000000000000000000000011010011011111111111111111111,
00000000000000000000000000000000011010010111111111111111111111,
00000000000000000000000000000000011010010011111111111111111111,
00000000000000000000000000000000011010001111111111111111111111,
00000000000000000000000000000000011010001011111111111111111111,
00000000000000000000000000000000011010000111111111111111111111,
00000000000000000000000000000000011010000011111111111111111111,
00000000000000000000000000000000011001111111111111111111111111,
00000000000000000000000000000000011001111011111111111111111111,
00000000000000000000000000000000011001110111111111111111111111,
00000000000000000000000000000000011001110011111111111111111111,
00000000000000000000000000000000011001101111111111111111111111,
00000000000000000000000000000000011001101011111111111111111111,
00000000000000000000000000000000011001100111111111111111111111,
00000000000000000000000000000000011001100011111111111111111111,
00000000000000000000000000000000011001011111111111111111111111,
00000000000000000000000000000000011001011011111111111111111111,
00000000000000000000000000000000011001010111111111111111111111,
00000000000000000000000000000000011001010011111111111111111111,
00000000000000000000000000000000011001001111111111111111111111,
00000000000000000000000000000000011001001011111111111111111111,
00000000000000000000000000000000011001000111111111111111111111,
00000000000000000000000000000000011001000011111111111111111111,
00000000000000000000000000000000011000111111111111111111111111,
00000000000000000000000000000000011000111011111111111111111111,
00000000000000000000000000000000011000110111111111111111111111,
00000000000000000000000000000000011000110011111111111111111111,
00000000000000000000000000000000011000101111111111111111111111,
00000000000000000000000000000000011000101011111111111111111111,
00000000000000000000000000000000011000100111111111111111111111,
00000000000000000000000000000000011000100011111111111111111111,
00000000000000000000000000000000011000011111111111111111111111,
00000000000000000000000000000000011000011011111111111111111111,
00000000000000000000000000000000011000010111111111111111111111,
00000000000000000000000000000000011000010011111111111111111111,
00000000000000000000000000000000011000001111111111111111111111,
00000000000000000000000000000000011000001011111111111111111111,
00000000000000000000000000000000011000000111111111111111111111,
00000000000000000000000000000000011000000011111111111111111111,
00000000000000000000000000000000010111111111111111111111111111,
00000000000000000000000000000000010111111011111111111111111111,
00000000000000000000000000000000010111110111111111111111111111,
00000000000000000000000000000000010111110011111111111111111111,
00000000000000000000000000000000010111101111111111111111111111,
00000000000000000000000000000000010111101011111111111111111111,
00000000000000000000000000000000010111100111111111111111111111,
00000000000000000000000000000000010111100011111111111111111111,
00000000000000000000000000000000010111011111111111111111111111,
00000000000000000000000000000000010111011011111111111111111111,
00000000000000000000000000000000010111010111111111111111111111,
00000000000000000000000000000000010111010011111111111111111111,
00000000000000000000000000000000010111001111111111111111111111,
00000000000000000000000000000000010111001011111111111111111111,
00000000000000000000000000000000010111000111111111111111111111,
00000000000000000000000000000000010111000011111111111111111111,
00000000000000000000000000000000010110111111111111111111111111,
00000000000000000000000000000000010110111011111111111111111111,
00000000000000000000000000000000010110110111111111111111111111,
00000000000000000000000000000000010110110011111111111111111111,
00000000000000000000000000000000010110101111111111111111111111,
00000000000000000000000000000000010110101011111111111111111111,
00000000000000000000000000000000010110100111111111111111111111,
00000000000000000000000000000000010110100011111111111111111111,
00000000000000000000000000000000010110011111111111111111111111,
00000000000000000000000000000000010110011011111111111111111111,
00000000000000000000000000000000010110010111111111111111111111,
00000000000000000000000000000000010110010011111111111111111111,
00000000000000000000000000000000010110001111111111111111111111,
00000000000000000000000000000000010110001011111111111111111111,
00000000000000000000000000000000010110000111111111111111111111,
00000000000000000000000000000000010110000011111111111111111111,
00000000000000000000000000000000010101111111111111111111111111,
00000000000000000000000000000000010101111011111111111111111111,
00000000000000000000000000000000010101110111111111111111111111,
00000000000000000000000000000000010101110011111111111111111111,
00000000000000000000000000000000010101101111111111111111111111,
00000000000000000000000000000000010101101011111111111111111111,
00000000000000000000000000000000010101100111111111111111111111,
00000000000000000000000000000000010101100011111111111111111111,
00000000000000000000000000000000010101011111111111111111111111,
00000000000000000000000000000000010101011011111111111111111111,
00000000000000000000000000000000010101010111111111111111111111,
00000000000000000000000000000000010101010011111111111111111111,
00000000000000000000000000000000010101001111111111111111111111,
00000000000000000000000000000000010101001011111111111111111111,
00000000000000000000000000000000010101000111111111111111111111,
00000000000000000000000000000000010101000011111111111111111111,
00000000000000000000000000000000010100111111111111111111111111,
00000000000000000000000000000000010100111011111111111111111111,
00000000000000000000000000000000010100110111111111111111111111,
00000000000000000000000000000000010100110011111111111111111111,
00000000000000000000000000000000010100101111111111111111111111,
00000000000000000000000000000000010100101011111111111111111111,
00000000000000000000000000000000010100100111111111111111111111,
00000000000000000000000000000000010100100011111111111111111111,
00000000000000000000000000000000010100011111111111111111111111,
00000000000000000000000000000000010100011011111111111111111111,
00000000000000000000000000000000010100010111111111111111111111,
00000000000000000000000000000000010100010011111111111111111111,
00000000000000000000000000000000010100001111111111111111111111,
00000000000000000000000000000000010100001011111111111111111111,
00000000000000000000000000000000010100000111111111111111111111,
00000000000000000000000000000000010100000011111111111111111111,
00000000000000000000000000000000010011111111111111111111111111,
00000000000000000000000000000000010011111011111111111111111111,
00000000000000000000000000000000010011110111111111111111111111,
00000000000000000000000000000000010011110011111111111111111111,
00000000000000000000000000000000010011101111111111111111111111,
00000000000000000000000000000000010011101011111111111111111111,
00000000000000000000000000000000010011100111111111111111111111,
00000000000000000000000000000000010011100011111111111111111111,
00000000000000000000000000000000010011011111111111111111111111,
00000000000000000000000000000000010011011011111111111111111111,
00000000000000000000000000000000010011010111111111111111111111,
00000000000000000000000000000000010011010011111111111111111111,
00000000000000000000000000000000010011001111111111111111111111,
00000000000000000000000000000000010011001011111111111111111111,
00000000000000000000000000000000010011000111111111111111111111,
00000000000000000000000000000000010011000011111111111111111111,
00000000000000000000000000000000010010111111111111111111111111,
00000000000000000000000000000000010010111011111111111111111111,
00000000000000000000000000000000010010110111111111111111111111,
00000000000000000000000000000000010010110011111111111111111111,
00000000000000000000000000000000010010101111111111111111111111,
00000000000000000000000000000000010010101011111111111111111111,
00000000000000000000000000000000010010100111111111111111111111,
00000000000000000000000000000000010010100011111111111111111111,
00000000000000000000000000000000010010011111111111111111111111,
00000000000000000000000000000000010010011011111111111111111111,
00000000000000000000000000000000010010010111111111111111111111,
00000000000000000000000000000000010010010011111111111111111111,
00000000000000000000000000000000010010001111111111111111111111,
00000000000000000000000000000000010010001011111111111111111111,
00000000000000000000000000000000010010000111111111111111111111,
00000000000000000000000000000000010010000011111111111111111111,
00000000000000000000000000000000010001111111111111111111111111,
00000000000000000000000000000000010001111011111111111111111111,
00000000000000000000000000000000010001110111111111111111111111,
00000000000000000000000000000000010001110011111111111111111111,
00000000000000000000000000000000010001101111111111111111111111,
00000000000000000000000000000000010001101011111111111111111111,
00000000000000000000000000000000010001100111111111111111111111,
00000000000000000000000000000000010001100011111111111111111111,
00000000000000000000000000000000010001011111111111111111111111,
00000000000000000000000000000000010001011011111111111111111111,
00000000000000000000000000000000010001010111111111111111111111,
00000000000000000000000000000000010001010011111111111111111111,
00000000000000000000000000000000010001001111111111111111111111,
00000000000000000000000000000000010001001011111111111111111111,
00000000000000000000000000000000010001000111111111111111111111,
00000000000000000000000000000000010001000011111111111111111111,
00000000000000000000000000000000010000111111111111111111111111,
00000000000000000000000000000000010000111011111111111111111111,
00000000000000000000000000000000010000110111111111111111111111,
00000000000000000000000000000000010000110011111111111111111111,
00000000000000000000000000000000010000101111111111111111111111,
00000000000000000000000000000000010000101011111111111111111111,
00000000000000000000000000000000010000100111111111111111111111,
00000000000000000000000000000000010000100011111111111111111111,
00000000000000000000000000000000010000011111111111111111111111,
00000000000000000000000000000000010000011011111111111111111111,
00000000000000000000000000000000010000010111111111111111111111,
00000000000000000000000000000000010000010011111111111111111111,
00000000000000000000000000000000010000001111111111111111111111,
00000000000000000000000000000000010000001011111111111111111111,
00000000000000000000000000000000010000000111111111111111111111,
00000000000000000000000000000000010000000011111111111111111111,
00000000000000000000000000000000001111111111111111111111111111,
00000000000000000000000000000000001111111011111111111111111111,
00000000000000000000000000000000001111110111111111111111111111,
00000000000000000000000000000000001111110011111111111111111111,
00000000000000000000000000000000001111101111111111111111111111,
00000000000000000000000000000000001111101011111111111111111111,
00000000000000000000000000000000001111100111111111111111111111,
00000000000000000000000000000000001111100011111111111111111111,
00000000000000000000000000000000001111011111111111111111111111,
00000000000000000000000000000000001111011011111111111111111111,
00000000000000000000000000000000001111010111111111111111111111,
00000000000000000000000000000000001111010011111111111111111111,
00000000000000000000000000000000001111001111111111111111111111,
00000000000000000000000000000000001111001011111111111111111111,
00000000000000000000000000000000001111000111111111111111111111,
00000000000000000000000000000000001111000011111111111111111111,
00000000000000000000000000000000001110111111111111111111111111,
00000000000000000000000000000000001110111011111111111111111111,
00000000000000000000000000000000001110110111111111111111111111,
00000000000000000000000000000000001110110011111111111111111111,
00000000000000000000000000000000001110101111111111111111111111,
00000000000000000000000000000000001110101011111111111111111111,
00000000000000000000000000000000001110100111111111111111111111,
00000000000000000000000000000000001110100011111111111111111111,
00000000000000000000000000000000001110011111111111111111111111,
00000000000000000000000000000000001110011011111111111111111111,
00000000000000000000000000000000001110010111111111111111111111,
00000000000000000000000000000000001110010011111111111111111111,
00000000000000000000000000000000001110001111111111111111111111,
00000000000000000000000000000000001110001011111111111111111111,
00000000000000000000000000000000001110000111111111111111111111,
00000000000000000000000000000000001110000011111111111111111111,
00000000000000000000000000000000001101111111111111111111111111,
00000000000000000000000000000000001101111011111111111111111111,
00000000000000000000000000000000001101110111111111111111111111,
00000000000000000000000000000000001101110011111111111111111111,
00000000000000000000000000000000001101101111111111111111111111,
00000000000000000000000000000000001101101011111111111111111111,
00000000000000000000000000000000001101100111111111111111111111,
00000000000000000000000000000000001101100011111111111111111111,
00000000000000000000000000000000001101011111111111111111111111,
00000000000000000000000000000000001101011011111111111111111111,
00000000000000000000000000000000001101010111111111111111111111,
00000000000000000000000000000000001101010011111111111111111111,
00000000000000000000000000000000001101001111111111111111111111,
00000000000000000000000000000000001101001011111111111111111111,
00000000000000000000000000000000001101000111111111111111111111,
00000000000000000000000000000000001101000011111111111111111111,
00000000000000000000000000000000001100111111111111111111111111,
00000000000000000000000000000000001100111011111111111111111111,
00000000000000000000000000000000001100110111111111111111111111,
00000000000000000000000000000000001100110011111111111111111111,
00000000000000000000000000000000001100101111111111111111111111,
00000000000000000000000000000000001100101011111111111111111111,
00000000000000000000000000000000001100100111111111111111111111,
00000000000000000000000000000000001100100011111111111111111111,
00000000000000000000000000000000001100011111111111111111111111,
00000000000000000000000000000000001100011011111111111111111111,
00000000000000000000000000000000001100010111111111111111111111,
00000000000000000000000000000000001100010011111111111111111111,
00000000000000000000000000000000001100001111111111111111111111,
00000000000000000000000000000000001100001011111111111111111111,
00000000000000000000000000000000001100000111111111111111111111,
00000000000000000000000000000000001100000011111111111111111111,
00000000000000000000000000000000001011111111111111111111111111,
00000000000000000000000000000000001011111011111111111111111111,
00000000000000000000000000000000001011110111111111111111111111,
00000000000000000000000000000000001011110011111111111111111111,
00000000000000000000000000000000001011101111111111111111111111,
00000000000000000000000000000000001011101011111111111111111111,
00000000000000000000000000000000001011100111111111111111111111,
00000000000000000000000000000000001011100011111111111111111111,
00000000000000000000000000000000001011011111111111111111111111,
00000000000000000000000000000000001011011011111111111111111111,
00000000000000000000000000000000001011010111111111111111111111,
00000000000000000000000000000000001011010011111111111111111111,
00000000000000000000000000000000001011001111111111111111111111,
00000000000000000000000000000000001011001011111111111111111111,
00000000000000000000000000000000001011000111111111111111111111,
00000000000000000000000000000000001011000011111111111111111111,
00000000000000000000000000000000001010111111111111111111111111,
00000000000000000000000000000000001010111011111111111111111111,
00000000000000000000000000000000001010110111111111111111111111,
00000000000000000000000000000000001010110011111111111111111111,
00000000000000000000000000000000001010101111111111111111111111,
00000000000000000000000000000000001010101011111111111111111111,
00000000000000000000000000000000001010100111111111111111111111,
00000000000000000000000000000000001010100011111111111111111111,
00000000000000000000000000000000001010011111111111111111111111,
00000000000000000000000000000000001010011011111111111111111111,
00000000000000000000000000000000001010010111111111111111111111,
00000000000000000000000000000000001010010011111111111111111111,
00000000000000000000000000000000001010001111111111111111111111,
00000000000000000000000000000000001010001011111111111111111111,
00000000000000000000000000000000001010000111111111111111111111,
00000000000000000000000000000000001010000011111111111111111111,
00000000000000000000000000000000001001111111111111111111111111,
00000000000000000000000000000000001001111011111111111111111111,
00000000000000000000000000000000001001110111111111111111111111,
00000000000000000000000000000000001001110011111111111111111111,
00000000000000000000000000000000001001101111111111111111111111,
00000000000000000000000000000000001001101011111111111111111111,
00000000000000000000000000000000001001100111111111111111111111,
00000000000000000000000000000000001001100011111111111111111111,
00000000000000000000000000000000001001011111111111111111111111,
00000000000000000000000000000000001001011011111111111111111111,
00000000000000000000000000000000001001010111111111111111111111,
00000000000000000000000000000000001001010011111111111111111111,
00000000000000000000000000000000001001001111111111111111111111,
00000000000000000000000000000000001001001011111111111111111111,
00000000000000000000000000000000001001000111111111111111111111,
00000000000000000000000000000000001001000011111111111111111111,
00000000000000000000000000000000001000111111111111111111111111,
00000000000000000000000000000000001000111011111111111111111111,
00000000000000000000000000000000001000110111111111111111111111,
00000000000000000000000000000000001000110011111111111111111111,
00000000000000000000000000000000001000101111111111111111111111,
00000000000000000000000000000000001000101011111111111111111111,
00000000000000000000000000000000001000100111111111111111111111,
00000000000000000000000000000000001000100011111111111111111111,
00000000000000000000000000000000001000011111111111111111111111,
00000000000000000000000000000000001000011011111111111111111111,
00000000000000000000000000000000001000010111111111111111111111,
00000000000000000000000000000000001000010011111111111111111111,
00000000000000000000000000000000001000001111111111111111111111,
00000000000000000000000000000000001000001011111111111111111111,
00000000000000000000000000000000001000000111111111111111111111,
00000000000000000000000000000000001000000011111111111111111111,
00000000000000000000000000000000000111111111111111111111111111,
00000000000000000000000000000000000111111011111111111111111111,
00000000000000000000000000000000000111110111111111111111111111,
00000000000000000000000000000000000111110011111111111111111111,
00000000000000000000000000000000000111101111111111111111111111,
00000000000000000000000000000000000111101011111111111111111111,
00000000000000000000000000000000000111100111111111111111111111,
00000000000000000000000000000000000111100011111111111111111111,
00000000000000000000000000000000000111011111111111111111111111,
00000000000000000000000000000000000111011011111111111111111111,
00000000000000000000000000000000000111010111111111111111111111,
00000000000000000000000000000000000111010011111111111111111111,
00000000000000000000000000000000000111001111111111111111111111,
00000000000000000000000000000000000111001011111111111111111111,
00000000000000000000000000000000000111000111111111111111111111,
00000000000000000000000000000000000111000011111111111111111111,
00000000000000000000000000000000000110111111111111111111111111,
00000000000000000000000000000000000110111011111111111111111111,
00000000000000000000000000000000000110110111111111111111111111,
00000000000000000000000000000000000110110011111111111111111111,
00000000000000000000000000000000000110101111111111111111111111,
00000000000000000000000000000000000110101011111111111111111111,
00000000000000000000000000000000000110100111111111111111111111,
00000000000000000000000000000000000110100011111111111111111111,
00000000000000000000000000000000000110011111111111111111111111,
00000000000000000000000000000000000110011011111111111111111111,
00000000000000000000000000000000000110010111111111111111111111,
00000000000000000000000000000000000110010011111111111111111111,
00000000000000000000000000000000000110001111111111111111111111,
00000000000000000000000000000000000110001011111111111111111111,
00000000000000000000000000000000000110000111111111111111111111,
00000000000000000000000000000000000110000011111111111111111111,
00000000000000000000000000000000000101111111111111111111111111,
00000000000000000000000000000000000101111011111111111111111111,
00000000000000000000000000000000000101110111111111111111111111,
00000000000000000000000000000000000101110011111111111111111111,
00000000000000000000000000000000000101101111111111111111111111,
00000000000000000000000000000000000101101011111111111111111111,
00000000000000000000000000000000000101100111111111111111111111,
00000000000000000000000000000000000101100011111111111111111111,
00000000000000000000000000000000000101011111111111111111111111,
00000000000000000000000000000000000101011011111111111111111111,
00000000000000000000000000000000000101010111111111111111111111,
00000000000000000000000000000000000101010011111111111111111111,
00000000000000000000000000000000000101001111111111111111111111,
00000000000000000000000000000000000101001011111111111111111111,
00000000000000000000000000000000000101000111111111111111111111,
00000000000000000000000000000000000101000011111111111111111111,
00000000000000000000000000000000000100111111111111111111111111,
00000000000000000000000000000000000100111011111111111111111111,
00000000000000000000000000000000000100110111111111111111111111,
00000000000000000000000000000000000100110011111111111111111111,
00000000000000000000000000000000000100101111111111111111111111,
00000000000000000000000000000000000100101011111111111111111111,
00000000000000000000000000000000000100100111111111111111111111,
00000000000000000000000000000000000100100011111111111111111111,
00000000000000000000000000000000000100011111111111111111111111,
00000000000000000000000000000000000100011011111111111111111111,
00000000000000000000000000000000000100010111111111111111111111,
00000000000000000000000000000000000100010011111111111111111111,
00000000000000000000000000000000000100001111111111111111111111,
00000000000000000000000000000000000100001011111111111111111111,
00000000000000000000000000000000000100000111111111111111111111,
00000000000000000000000000000000000100000011111111111111111111,
00000000000000000000000000000000000011111111111111111111111111,
00000000000000000000000000000000000011111011111111111111111111,
00000000000000000000000000000000000011110111111111111111111111,
00000000000000000000000000000000000011110011111111111111111111,
00000000000000000000000000000000000011101111111111111111111111,
00000000000000000000000000000000000011101011111111111111111111,
00000000000000000000000000000000000011100111111111111111111111,
00000000000000000000000000000000000011100011111111111111111111,
00000000000000000000000000000000000011011111111111111111111111,
00000000000000000000000000000000000011011011111111111111111111,
00000000000000000000000000000000000011010111111111111111111111,
00000000000000000000000000000000000011010011111111111111111111,
00000000000000000000000000000000000011001111111111111111111111,
00000000000000000000000000000000000011001011111111111111111111,
00000000000000000000000000000000000011000111111111111111111111,
00000000000000000000000000000000000011000011111111111111111111,
00000000000000000000000000000000000010111111111111111111111111,
00000000000000000000000000000000000010111011111111111111111111,
00000000000000000000000000000000000010110111111111111111111111,
00000000000000000000000000000000000010110011111111111111111111,
00000000000000000000000000000000000010101111111111111111111111,
00000000000000000000000000000000000010101011111111111111111111,
00000000000000000000000000000000000010100111111111111111111111,
00000000000000000000000000000000000010100011111111111111111111,
00000000000000000000000000000000000010011111111111111111111111,
00000000000000000000000000000000000010011011111111111111111111,
00000000000000000000000000000000000010010111111111111111111111,
00000000000000000000000000000000000010010011111111111111111111,
00000000000000000000000000000000000010001111111111111111111111,
00000000000000000000000000000000000010001011111111111111111111,
00000000000000000000000000000000000010000111111111111111111111,
00000000000000000000000000000000000010000011111111111111111111,
00000000000000000000000000000000000001111111111111111111111111,
00000000000000000000000000000000000001111011111111111111111111,
00000000000000000000000000000000000001110111111111111111111111,
00000000000000000000000000000000000001110011111111111111111111,
00000000000000000000000000000000000001101111111111111111111111,
00000000000000000000000000000000000001101011111111111111111111,
00000000000000000000000000000000000001100111111111111111111111,
00000000000000000000000000000000000001100011111111111111111111,
00000000000000000000000000000000000001011111111111111111111111,
00000000000000000000000000000000000001011011111111111111111111,
00000000000000000000000000000000000001010111111111111111111111,
00000000000000000000000000000000000001010011111111111111111111,
00000000000000000000000000000000000001001111111111111111111111,
00000000000000000000000000000000000001001011111111111111111111,
00000000000000000000000000000000000001000111111111111111111111,
00000000000000000000000000000000000001000011111111111111111111,
00000000000000000000000000000000000000111111111111111111111111,
00000000000000000000000000000000000000111011111111111111111111,
00000000000000000000000000000000000000110111111111111111111111,
00000000000000000000000000000000000000110011111111111111111111,
00000000000000000000000000000000000000101111111111111111111111,
00000000000000000000000000000000000000101011111111111111111111,
00000000000000000000000000000000000000100111111111111111111111,
00000000000000000000000000000000000000100011111111111111111111,
00000000000000000000000000000000000000011111111111111111111111,
00000000000000000000000000000000000000011011111111111111111111,
00000000000000000000000000000000000000010111111111111111111111,
00000000000000000000000000000000000000010011111111111111111111,
00000000000000000000000000000000000000001111111111111111111111,
00000000000000000000000000000000000000001011111111111111111111,
00000000000000000000000000000000000000000111111111111111111111,
00000000000000000000000000000000000000000011111111111111111111;